2020_CountyName,2020_area_damaged_open_space,2020_area_damaged_ll,2020_area_damaged_all,2010_CountyName,2010_area_damaged_open_space,2010_area_damaged_ll,2010_area_damaged_all,2017_CountyName,2017_area_damaged_open_space,2017_area_damaged_ll,2017_area_damaged_all,2008_CountyName,2008_area_damaged_open_space,2008_area_damaged_ll,2008_area_damaged_all,2006_CountyName,2006_area_damaged_open_space,2006_area_damaged_ll,2006_area_damaged_all,2016_CountyName,2016_area_damaged_open_space,2016_area_damaged_ll,2016_area_damaged_all,2000_CountyName,2000_area_damaged_open_space,2000_area_damaged_ll,2000_area_damaged_all,2002_CountyName,2002_area_damaged_open_space,2002_area_damaged_ll,2002_area_damaged_all,2009_CountyName,2009_area_damaged_open_space,2009_area_damaged_ll,2009_area_damaged_all,2007_CountyName,2007_area_damaged_open_space,2007_area_damaged_ll,2007_area_damaged_all,2004_CountyName,2004_area_damaged_open_space,2004_area_damaged_ll,2004_area_damaged_all,2012_CountyName,2012_area_damaged_open_space,2012_area_damaged_ll,2012_area_damaged_all,2019_CountyName,2019_area_damaged_open_space,2019_area_damaged_ll,2019_area_damaged_all,2018_CountyName,2018_area_damaged_open_space,2018_area_damaged_ll,2018_area_damaged_all,2013_CountyName,2013_area_damaged_open_space,2013_area_damaged_ll,2013_area_damaged_all,2015_CountyName,2015_area_damaged_open_space,2015_area_damaged_ll,2015_area_damaged_all,2014_CountyName,2014_area_damaged_open_space,2014_area_damaged_ll,2014_area_damaged_all,2001_CountyName,2001_area_damaged_open_space,2001_area_damaged_ll,2001_area_damaged_all,2005_CountyName,2005_area_damaged_open_space,2005_area_damaged_ll,2005_area_damaged_all,2011_CountyName,2011_area_damaged_open_space,2011_area_damaged_ll,2011_area_damaged_all,2003_CountyName,2003_area_damaged_open_space,2003_area_damaged_ll,2003_area_damaged_all
Camden,0.0,0.0,0.0,Camden,0.0,0.0,0.0,Camden,0.0,0.0,0.0,Camden,0.0,0.0,0.0,Camden,0.0,0.0,0.0,Camden,0.0,0.0,0.0,Camden,0.0,0.0,0.0,Camden,0.0,0.0,0.0,Camden,0.0,0.0,0.0,Camden,0.0,0.0,0.0,Camden,0.0,0.0,0.0,Camden,0.0,0.0,0.0,Camden,0.0,0.0,0.0,Camden,0.0,0.0,0.0,Camden,0.0,0.0,0.0,Camden,0.0,0.0,0.0,Camden,0.0,0.0,0.0,Camden,0.0,0.0,0.0,Camden,0.0,0.0,0.0,Camden,0.0,0.0,0.0,Camden,0.09080597014925372,0.10216417910447764,0.18161194029850747
Gates,0.0,0.0,0.0,Gates,0.0,0.0,0.0,Gates,0.0,0.0,0.0,Gates,0.0,0.0,0.0,Gates,0.0,0.0,0.0,Gates,0.0,0.0,0.0,Gates,0.0,0.0,0.0,Gates,0.0,0.0,0.0,Gates,0.0,0.0,0.0,Gates,0.0,0.0,0.0,Gates,0.0,0.0,0.0,Gates,0.0,0.0,0.0,Gates,0.0,0.0,0.0,Gates,0.0,0.0,0.0,Gates,0.0,0.0,0.0,Gates,0.0,0.0,0.0,Gates,0.0,0.0,0.0,Gates,0.0,0.0,0.0,Gates,0.0,0.0,0.0,Gates,0.0,0.0,0.0,Gates,0.0,0.0,0.0
Iredell,0.0,0.0,0.0,Iredell,0.0,0.0,0.0,Iredell,0.0,0.0,0.0,Iredell,0.0,0.0,0.0,Iredell,0.0,0.0,0.0,Iredell,0.0,0.0,0.0,Iredell,0.0,0.0,0.0,Iredell,0.0,0.0,0.0,Iredell,0.0,0.0,0.0,Iredell,0.0,0.0,0.0,Iredell,0.0,0.0,0.0,Iredell,0.0,0.0,0.0,Iredell,0.0,0.0,0.0,Iredell,0.0,0.0,0.0,Iredell,0.0,0.0,0.0,Iredell,0.0,0.0,0.0,Iredell,0.0,0.0,0.0,Iredell,0.0,0.0,0.0,Iredell,0.0,0.0,0.0,Iredell,0.0,0.0,0.0,Iredell,0.0,0.0,0.0
Wilkes,0.0,0.0,0.0,Wilkes,0.6555538752362949,0.8281285444234407,1.31110775047259,Wilkes,0.0,0.0,0.0,Wilkes,0.0,0.0,0.0,Wilkes,0.0,0.0,0.0,Wilkes,0.0,0.0,0.0,Wilkes,0.013111077504725895,0.016562570888468815,0.026222155009451797,Wilkes,0.009833308128544422,0.01242192816635161,0.019666616257088845,Wilkes,0.0,0.0,0.0,Wilkes,9.847511795841207,12.455053308128553,19.695023591682414,Wilkes,0.009833308128544422,0.01242192816635161,0.019666616257088845,Wilkes,0.006555538752362949,0.008281285444234406,0.013111077504725895,Wilkes,0.0,0.0,0.0,Wilkes,0.013111077504725895,0.016562570888468815,0.026222155009451797,Wilkes,0.0,0.0,0.0,Wilkes,0.0,0.0,0.0,Wilkes,0.03277769376181474,0.041406427221172035,0.06555538752362948,Wilkes,0.009833308128544422,0.01242192816635161,0.019666616257088845,Wilkes,0.006555538752362949,0.008281285444234406,0.013111077504725895,Wilkes,0.0,0.0,0.0,Wilkes,0.009833308128544422,0.01242192816635161,0.019666616257088845
Union,0.0,0.0,0.0,Union,0.0,0.0,0.0,Union,0.0,0.0,0.0,Union,0.0,0.0,0.0,Union,0.0,0.0,0.0,Union,0.0,0.0,0.0,Union,0.0,0.0,0.0,Union,0.0,0.0,0.0,Union,0.0,0.0,0.0,Union,0.0,0.0,0.0,Union,0.0,0.0,0.0,Union,0.0,0.0,0.0,Union,0.0,0.0,0.0,Union,0.0,0.0,0.0,Union,0.0,0.0,0.0,Union,0.0,0.0,0.0,Union,0.0,0.0,0.0,Union,0.0,0.0,0.0,Union,0.0,0.0,0.0,Union,0.0,0.0,0.0,Union,0.0,0.0,0.0
Cabarrus,0.0,0.0,0.0,Cabarrus,0.0,0.0,0.0,Cabarrus,0.0,0.0,0.0,Cabarrus,0.0,0.0,0.0,Cabarrus,0.0,0.0,0.0,Cabarrus,0.0,0.0,0.0,Cabarrus,0.0,0.0,0.0,Cabarrus,0.0,0.0,0.0,Cabarrus,0.0,0.0,0.0,Cabarrus,0.0,0.0,0.0,Cabarrus,0.0,0.0,0.0,Cabarrus,0.0,0.0,0.0,Cabarrus,0.0,0.0,0.0,Cabarrus,0.0,0.0,0.0,Cabarrus,0.0,0.0,0.0,Cabarrus,0.0,0.0,0.0,Cabarrus,0.0,0.0,0.0,Cabarrus,0.0,0.0,0.0,Cabarrus,0.0,0.0,0.0,Cabarrus,0.0,0.0,0.0,Cabarrus,0.0,0.0,0.0
Wake,0.0,0.0,0.0,Wake,0.0,0.0,0.0,Wake,0.0,0.0,0.0,Wake,0.0,0.0,0.0,Wake,0.0,0.0,0.0,Wake,0.0,0.0,0.0,Wake,0.0,0.0,0.0,Wake,0.0,0.0,0.0,Wake,0.0,0.0,0.0,Wake,0.0,0.0,0.0,Wake,0.0,0.0,0.0,Wake,0.0,0.0,0.0,Wake,0.0,0.0,0.0,Wake,0.0,0.0,0.0,Wake,0.0,0.0,0.0,Wake,0.0,0.0,0.0,Wake,0.0,0.0,0.0,Wake,0.0,0.0,0.0,Wake,0.0,0.0,0.0,Wake,0.0,0.0,0.0,Wake,0.0,0.0,0.0
Franklin,0.0,0.0,0.0,Franklin,0.0,0.0,0.0,Franklin,0.0,0.0,0.0,Franklin,0.0,0.0,0.0,Franklin,0.0,0.0,0.0,Franklin,0.0,0.0,0.0,Franklin,0.0,0.0,0.0,Franklin,0.0,0.0,0.0,Franklin,0.0,0.0,0.0,Franklin,0.0,0.0,0.0,Franklin,0.0,0.0,0.0,Franklin,0.0,0.0,0.0,Franklin,0.0,0.0,0.0,Franklin,0.0,0.0,0.0,Franklin,0.0,0.0,0.0,Franklin,0.0,0.0,0.0,Franklin,0.0,0.0,0.0,Franklin,0.0,0.0,0.0,Franklin,0.0,0.0,0.0,Franklin,0.0,0.0,0.0,Franklin,0.0,0.0,0.0
Pender,0.003529246753246753,0.007901875901875901,0.007058493506493506,Pender,0.0,0.0,0.0,Pender,0.0,0.0,0.0,Pender,0.0,0.0,0.0,Pender,0.0,0.0,0.0,Pender,0.0,0.0,0.0,Pender,0.0,0.0,0.0,Pender,0.0,0.0,0.0,Pender,0.0,0.0,0.0,Pender,0.0,0.0,0.0,Pender,0.0,0.0,0.0,Pender,0.0,0.0,0.0,Pender,0.017646233766233758,0.039509379509379515,0.035292467532467516,Pender,0.3529246753246753,0.7901875901875902,0.7058493506493506,Pender,0.0,0.0,0.0,Pender,0.0,0.0,0.0,Pender,0.0,0.0,0.0,Pender,0.0,0.0,0.0,Pender,2.474296077922077,5.547116883116883,4.948592155844156,Pender,0.0,0.0,0.0,Pender,0.0,0.0,0.0
New Hanover,0.007766808510638296,0.06480904255319149,0.015533617021276591,New Hanover,0.0,0.0,0.0,New Hanover,0.0,0.0,0.0,New Hanover,0.0,0.0,0.0,New Hanover,0.0,0.0,0.0,New Hanover,0.0,0.0,0.0,New Hanover,0.0,0.0,0.0,New Hanover,0.0,0.0,0.0,New Hanover,0.0,0.0,0.0,New Hanover,0.0,0.0,0.0,New Hanover,0.0,0.0,0.0,New Hanover,0.0,0.0,0.0,New Hanover,11.667040851063831,97.47280000000003,23.334081702127662,New Hanover,0.038834042553191485,0.3240452127659575,0.07766808510638297,New Hanover,0.0,0.0,0.0,New Hanover,0.0,0.0,0.0,New Hanover,0.0,0.0,0.0,New Hanover,0.0,0.0,0.0,New Hanover,11.667040851063831,97.47280000000003,23.334081702127662,New Hanover,0.0,0.0,0.0,New Hanover,0.0,0.0,0.0
Durham,0.0,0.0,0.0,Durham,0.0,0.0,0.0,Durham,0.0,0.0,0.0,Durham,0.0,0.0,0.0,Durham,0.0,0.0,0.0,Durham,0.0,0.0,0.0,Durham,0.0,0.0,0.0,Durham,0.0,0.0,0.0,Durham,0.0,0.0,0.0,Durham,0.0,0.0,0.0,Durham,0.0,0.0,0.0,Durham,0.0,0.0,0.0,Durham,0.0,0.0,0.0,Durham,0.0,0.0,0.0,Durham,0.0,0.0,0.0,Durham,0.0,0.0,0.0,Durham,0.0,0.0,0.0,Durham,0.0,0.0,0.0,Durham,0.0,0.0,0.0,Durham,0.0,0.0,0.0,Durham,0.0,0.0,0.0
Orange,0.0,0.0,0.0,Orange,0.0,0.0,0.0,Orange,0.0,0.0,0.0,Orange,0.0,0.0,0.0,Orange,0.0,0.0,0.0,Orange,0.0,0.0,0.0,Orange,0.0,0.0,0.0,Orange,0.0,0.0,0.0,Orange,0.0,0.0,0.0,Orange,0.0,0.0,0.0,Orange,0.0,0.0,0.0,Orange,0.0,0.0,0.0,Orange,0.0,0.0,0.0,Orange,0.0,0.0,0.0,Orange,0.0,0.0,0.0,Orange,0.0,0.0,0.0,Orange,0.0,0.0,0.0,Orange,0.0,0.0,0.0,Orange,0.0,0.0,0.0,Orange,0.0,0.0,0.0,Orange,0.0,0.0,0.0
Chatham,0.0,0.0,0.0,Chatham,0.0,0.0,0.0,Chatham,0.0,0.0,0.0,Chatham,0.0,0.0,0.0,Chatham,0.0,0.0,0.0,Chatham,0.0,0.0,0.0,Chatham,0.0,0.0,0.0,Chatham,0.0,0.0,0.0,Chatham,0.0,0.0,0.0,Chatham,0.0,0.0,0.0,Chatham,0.0,0.0,0.0,Chatham,0.0,0.0,0.0,Chatham,0.0,0.0,0.0,Chatham,0.0,0.0,0.0,Chatham,0.0,0.0,0.0,Chatham,0.0,0.0,0.0,Chatham,0.0,0.0,0.0,Chatham,0.0,0.0,0.0,Chatham,0.0,0.0,0.0,Chatham,0.0,0.0,0.0,Chatham,0.0,0.0,0.0
Alamance,0.0,0.0,0.0,Alamance,0.0,0.0,0.0,Alamance,0.0,0.0,0.0,Alamance,0.0,0.0,0.0,Alamance,0.0,0.0,0.0,Alamance,0.0,0.0,0.0,Alamance,0.0,0.0,0.0,Alamance,0.0,0.0,0.0,Alamance,0.0,0.0,0.0,Alamance,0.0,0.0,0.0,Alamance,0.0,0.0,0.0,Alamance,0.0,0.0,0.0,Alamance,0.0,0.0,0.0,Alamance,0.0,0.0,0.0,Alamance,0.0,0.0,0.0,Alamance,0.0,0.0,0.0,Alamance,0.0,0.0,0.0,Alamance,0.0,0.0,0.0,Alamance,0.0,0.0,0.0,Alamance,0.0,0.0,0.0,Alamance,0.0,0.0,0.0
Harnett,0.0,0.0,0.0,Harnett,0.0,0.0,0.0,Harnett,0.0,0.0,0.0,Harnett,0.0,0.0,0.0,Harnett,0.0,0.0,0.0,Harnett,0.0,0.0,0.0,Harnett,0.0,0.0,0.0,Harnett,0.0,0.0,0.0,Harnett,0.0,0.0,0.0,Harnett,0.0,0.0,0.0,Harnett,0.0,0.0,0.0,Harnett,0.0,0.0,0.0,Harnett,0.0,0.0,0.0,Harnett,0.0,0.0,0.0,Harnett,0.0,0.0,0.0,Harnett,0.0,0.0,0.0,Harnett,0.0,0.0,0.0,Harnett,0.0,0.0,0.0,Harnett,0.0,0.0,0.0,Harnett,0.0,0.0,0.0,Harnett,0.0,0.0,0.0
Moore,0.0,0.0,0.0,Moore,0.0,0.0,0.0,Moore,0.0,0.0,0.0,Moore,0.0,0.0,0.0,Moore,0.0,0.0,0.0,Moore,0.0,0.0,0.0,Moore,0.0,0.0,0.0,Moore,0.0,0.0,0.0,Moore,0.0,0.0,0.0,Moore,0.0,0.0,0.0,Moore,0.0,0.0,0.0,Moore,0.0,0.0,0.0,Moore,0.0,0.0,0.0,Moore,0.0,0.0,0.0,Moore,0.0,0.0,0.0,Moore,0.0,0.0,0.0,Moore,0.0,0.0,0.0,Moore,0.0,0.0,0.0,Moore,0.0,0.0,0.0,Moore,0.0,0.0,0.0,Moore,0.0,0.0,0.0
Beaufort,0.0,0.0,0.0,Beaufort,0.0,0.0,0.0,Beaufort,0.0,0.0,0.0,Beaufort,0.0,0.0,0.0,Beaufort,0.0,0.0,0.0,Beaufort,0.0,0.0,0.0,Beaufort,0.0,0.0,0.0,Beaufort,0.0,0.0,0.0,Beaufort,0.0,0.0,0.0,Beaufort,0.0,0.0,0.0,Beaufort,0.0,0.0,0.0,Beaufort,0.0,0.0,0.0,Beaufort,0.0,0.0,0.0,Beaufort,0.0,0.0,0.0,Beaufort,0.0,0.0,0.0,Beaufort,0.0,0.0,0.0,Beaufort,0.0,0.0,0.0,Beaufort,0.0,0.0,0.0,Beaufort,0.0,0.0,0.0,Beaufort,0.0,0.0,0.0,Beaufort,0.0,0.0,0.0
Martin,0.0,0.0,0.0,Martin,0.0,0.0,0.0,Martin,0.0,0.0,0.0,Martin,0.0,0.0,0.0,Martin,0.0,0.0,0.0,Martin,0.0,0.0,0.0,Martin,0.0,0.0,0.0,Martin,0.0,0.0,0.0,Martin,0.0,0.0,0.0,Martin,0.0,0.0,0.0,Martin,0.0,0.0,0.0,Martin,0.0,0.0,0.0,Martin,0.0,0.0,0.0,Martin,0.0,0.0,0.0,Martin,0.0,0.0,0.0,Martin,0.0,0.0,0.0,Martin,0.0,0.0,0.0,Martin,0.0,0.0,0.0,Martin,0.0,0.0,0.0,Martin,0.0,0.0,0.0,Martin,0.0,0.0,0.0
Pitt,0.0,0.0,0.0,Pitt,0.0,0.0,0.0,Pitt,0.0,0.0,0.0,Pitt,0.0,0.0,0.0,Pitt,0.0,0.0,0.0,Pitt,0.0,0.0,0.0,Pitt,0.0,0.0,0.0,Pitt,0.0,0.0,0.0,Pitt,0.0,0.0,0.0,Pitt,0.0,0.0,0.0,Pitt,0.0,0.0,0.0,Pitt,0.0,0.0,0.0,Pitt,0.0,0.0,0.0,Pitt,0.0,0.0,0.0,Pitt,0.0,0.0,0.0,Pitt,0.0,0.0,0.0,Pitt,0.0,0.0,0.0,Pitt,0.0,0.0,0.0,Pitt,0.0,0.0,0.0,Pitt,0.0,0.0,0.0,Pitt,0.0,0.0,0.0
Greene,0.0,0.0,0.0,Greene,0.0,0.0,0.0,Greene,0.0,0.0,0.0,Greene,0.0,0.0,0.0,Greene,0.0,0.0,0.0,Greene,0.0,0.0,0.0,Greene,0.0,0.0,0.0,Greene,0.0,0.0,0.0,Greene,0.0,0.0,0.0,Greene,0.0,0.0,0.0,Greene,0.0,0.0,0.0,Greene,0.0,0.0,0.0,Greene,0.0,0.0,0.0,Greene,0.0,0.0,0.0,Greene,0.0,0.0,0.0,Greene,0.0,0.0,0.0,Greene,0.0,0.0,0.0,Greene,0.0,0.0,0.0,Greene,0.0,0.0,0.0,Greene,0.0,0.0,0.0,Greene,0.0,0.0,0.0
Wilson,0.0,0.0,0.0,Wilson,0.0,0.0,0.0,Wilson,0.0,0.0,0.0,Wilson,0.0,0.0,0.0,Wilson,0.0,0.0,0.0,Wilson,0.0,0.0,0.0,Wilson,0.0,0.0,0.0,Wilson,0.0,0.0,0.0,Wilson,0.0,0.0,0.0,Wilson,0.0,0.0,0.0,Wilson,0.0,0.0,0.0,Wilson,0.0,0.0,0.0,Wilson,0.0,0.0,0.0,Wilson,0.0,0.0,0.0,Wilson,0.0,0.0,0.0,Wilson,0.0,0.0,0.0,Wilson,0.0,0.0,0.0,Wilson,0.0,0.0,0.0,Wilson,0.0,0.0,0.0,Wilson,0.0,0.0,0.0,Wilson,0.0,0.0,0.0
Wayne,0.0,0.0,0.0,Wayne,0.0,0.0,0.0,Wayne,0.0,0.0,0.0,Wayne,0.0,0.0,0.0,Wayne,0.0,0.0,0.0,Wayne,0.0,0.0,0.0,Wayne,0.0,0.0,0.0,Wayne,0.0,0.0,0.0,Wayne,0.0,0.0,0.0,Wayne,0.0,0.0,0.0,Wayne,0.0,0.0,0.0,Wayne,0.0,0.0,0.0,Wayne,0.0,0.0,0.0,Wayne,0.0,0.0,0.0,Wayne,0.0,0.0,0.0,Wayne,0.0,0.0,0.0,Wayne,0.0,0.0,0.0,Wayne,0.0,0.0,0.0,Wayne,0.0,0.0,0.0,Wayne,0.0,0.0,0.0,Wayne,0.0,0.0,0.0
Anson,0.0,0.0,0.0,Anson,0.0,0.0,0.0,Anson,0.0,0.0,0.0,Anson,0.0,0.0,0.0,Anson,0.0,0.0,0.0,Anson,0.0,0.0,0.0,Anson,0.0,0.0,0.0,Anson,0.0,0.0,0.0,Anson,0.0,0.0,0.0,Anson,0.0,0.0,0.0,Anson,0.0,0.0,0.0,Anson,0.0,0.0,0.0,Anson,0.0,0.0,0.0,Anson,0.0,0.0,0.0,Anson,0.0,0.0,0.0,Anson,0.0,0.0,0.0,Anson,0.0,0.0,0.0,Anson,0.0,0.0,0.0,Anson,0.0,0.0,0.0,Anson,0.0,0.0,0.0,Anson,0.0,0.0,0.0
Lenoir,0.0,0.0,0.0,Lenoir,0.0,0.0,0.0,Lenoir,0.0,0.0,0.0,Lenoir,0.0,0.0,0.0,Lenoir,0.0,0.0,0.0,Lenoir,0.0,0.0,0.0,Lenoir,0.0,0.0,0.0,Lenoir,0.0,0.0,0.0,Lenoir,0.0,0.0,0.0,Lenoir,0.0,0.0,0.0,Lenoir,0.0,0.0,0.0,Lenoir,0.0,0.0,0.0,Lenoir,0.0,0.0,0.0,Lenoir,0.0,0.0,0.0,Lenoir,0.0,0.0,0.0,Lenoir,0.0,0.0,0.0,Lenoir,0.0,0.0,0.0,Lenoir,0.0,0.0,0.0,Lenoir,0.0,0.0,0.0,Lenoir,0.0,0.0,0.0,Lenoir,0.0,0.0,0.0
Robeson,0.0,0.0,0.0,Robeson,0.0,0.0,0.0,Robeson,0.0,0.0,0.0,Robeson,0.0,0.0,0.0,Robeson,0.0,0.0,0.0,Robeson,0.0,0.0,0.0,Robeson,0.0,0.0,0.0,Robeson,0.0,0.0,0.0,Robeson,0.0,0.0,0.0,Robeson,0.0,0.0,0.0,Robeson,0.0,0.0,0.0,Robeson,0.0,0.0,0.0,Robeson,0.0,0.0,0.0,Robeson,0.0,0.0,0.0,Robeson,0.0,0.0,0.0,Robeson,0.0,0.0,0.0,Robeson,0.0,0.0,0.0,Robeson,0.0,0.0,0.0,Robeson,0.0,0.0,0.0,Robeson,0.0,0.0,0.0,Robeson,0.0,0.0,0.0
Hoke,0.0,0.0,0.0,Hoke,0.0,0.0,0.0,Hoke,0.0,0.0,0.0,Hoke,0.0,0.0,0.0,Hoke,0.0,0.0,0.0,Hoke,0.0,0.0,0.0,Hoke,0.0,0.0,0.0,Hoke,0.0,0.0,0.0,Hoke,0.0,0.0,0.0,Hoke,0.0,0.0,0.0,Hoke,0.0,0.0,0.0,Hoke,0.0,0.0,0.0,Hoke,0.0,0.0,0.0,Hoke,0.0,0.0,0.0,Hoke,0.0,0.0,0.0,Hoke,0.0,0.0,0.0,Hoke,0.0,0.0,0.0,Hoke,0.0,0.0,0.0,Hoke,0.0,0.0,0.0,Hoke,0.0,0.0,0.0,Hoke,0.0,0.0,0.0
Johnston,0.0,0.0,0.0,Johnston,0.0,0.0,0.0,Johnston,0.0,0.0,0.0,Johnston,0.0,0.0,0.0,Johnston,0.0,0.0,0.0,Johnston,0.0,0.0,0.0,Johnston,0.0,0.0,0.0,Johnston,0.0,0.0,0.0,Johnston,0.0,0.0,0.0,Johnston,0.0,0.0,0.0,Johnston,0.0,0.0,0.0,Johnston,0.0,0.0,0.0,Johnston,0.0,0.0,0.0,Johnston,0.0,0.0,0.0,Johnston,0.0,0.0,0.0,Johnston,0.0,0.0,0.0,Johnston,0.0,0.0,0.0,Johnston,0.0,0.0,0.0,Johnston,0.0,0.0,0.0,Johnston,0.0,0.0,0.0,Johnston,0.0,0.0,0.0
Brunswick,0.0,0.0,0.0,Brunswick,0.0,0.0,0.0,Brunswick,0.0,0.0,0.0,Brunswick,0.009376027397260274,0.03333942161339421,0.018752054794520547,Brunswick,0.009376027397260274,0.03333942161339421,0.018752054794520547,Brunswick,0.0,0.0,0.0,Brunswick,0.0,0.0,0.0,Brunswick,0.0,0.0,0.0,Brunswick,0.0,0.0,0.0,Brunswick,0.0,0.0,0.0,Brunswick,0.0,0.0,0.0,Brunswick,0.0,0.0,0.0,Brunswick,0.031253424657534244,0.1111314053779807,0.06250684931506849,Brunswick,0.031253424657534244,0.1111314053779807,0.06250684931506849,Brunswick,0.0,0.0,0.0,Brunswick,0.0,0.0,0.0,Brunswick,0.0,0.0,0.0,Brunswick,0.0,0.0,0.0,Brunswick,19.429212328767125,71.12409944190767,38.85842465753425,Brunswick,0.0125013698630137,0.04445256215119228,0.0250027397260274,Brunswick,0.0,0.0,0.0
Columbus,0.0,0.0,0.0,Columbus,0.0,0.0,0.0,Columbus,0.0,0.0,0.0,Columbus,0.0,0.0,0.0,Columbus,0.0,0.0,0.0,Columbus,0.0,0.0,0.0,Columbus,0.0,0.0,0.0,Columbus,0.0,0.0,0.0,Columbus,0.0,0.0,0.0,Columbus,0.0,0.0,0.0,Columbus,0.0,0.0,0.0,Columbus,0.0,0.0,0.0,Columbus,0.0,0.0,0.0,Columbus,0.0,0.0,0.0,Columbus,0.0,0.0,0.0,Columbus,0.0,0.0,0.0,Columbus,0.0,0.0,0.0,Columbus,0.0,0.0,0.0,Columbus,0.0,0.0,0.0,Columbus,0.0,0.0,0.0,Columbus,0.0,0.0,0.0
Bladen,0.0,0.0,0.0,Bladen,0.0,0.0,0.0,Bladen,0.0,0.0,0.0,Bladen,0.0,0.0,0.0,Bladen,0.0,0.0,0.0,Bladen,0.0,0.0,0.0,Bladen,0.0,0.0,0.0,Bladen,0.0,0.0,0.0,Bladen,0.0,0.0,0.0,Bladen,0.0,0.0,0.0,Bladen,0.0,0.0,0.0,Bladen,0.0,0.0,0.0,Bladen,0.0,0.0,0.0,Bladen,0.0,0.0,0.0,Bladen,0.0,0.0,0.0,Bladen,0.0,0.0,0.0,Bladen,0.0,0.0,0.0,Bladen,0.0,0.0,0.0,Bladen,0.0,0.0,0.0,Bladen,0.0,0.0,0.0,Bladen,0.0,0.0,0.0
Onslow,0.0,0.0,0.0,Onslow,0.006581781818181818,0.025222787878787883,0.013163563636363637,Onslow,0.0,0.0,0.0,Onslow,0.0,0.0,0.0,Onslow,0.0,0.0,0.0,Onslow,0.0,0.0,0.0,Onslow,0.0,0.0,0.0,Onslow,0.0,0.0,0.0,Onslow,0.0,0.0,0.0,Onslow,0.0,0.0,0.0,Onslow,0.0,0.0,0.0,Onslow,0.0,0.0,0.0,Onslow,0.009872672727272729,0.03783418181818183,0.019745345454545454,Onslow,15.1737495,58.26464000000001,30.347499,Onslow,0.0,0.0,0.0,Onslow,0.0,0.0,0.0,Onslow,0.0,0.0,0.0,Onslow,0.0,0.0,0.0,Onslow,1.974534545454546,7.566836363636364,3.949069090909092,Onslow,0.0,0.0,0.0,Onslow,0.0,0.0,0.0
Sampson,0.0,0.0,0.0,Sampson,0.0,0.0,0.0,Sampson,0.0,0.0,0.0,Sampson,0.0,0.0,0.0,Sampson,0.0,0.0,0.0,Sampson,0.0,0.0,0.0,Sampson,0.0,0.0,0.0,Sampson,0.0,0.0,0.0,Sampson,0.0,0.0,0.0,Sampson,0.0,0.0,0.0,Sampson,0.0,0.0,0.0,Sampson,0.0,0.0,0.0,Sampson,0.0,0.0,0.0,Sampson,0.0,0.0,0.0,Sampson,0.0,0.0,0.0,Sampson,0.0,0.0,0.0,Sampson,0.0,0.0,0.0,Sampson,0.0,0.0,0.0,Sampson,0.0,0.0,0.0,Sampson,0.0,0.0,0.0,Sampson,0.0,0.0,0.0
Carteret,0.008866256157635467,0.0232287903667214,0.01773251231527093,Carteret,0.00265987684729064,0.006968637110016421,0.00531975369458128,Carteret,0.0,0.0,0.0,Carteret,0.00265987684729064,0.006968637110016421,0.00531975369458128,Carteret,0.0,0.0,0.0,Carteret,0.17732512315270935,0.4645758073344282,0.3546502463054187,Carteret,0.0,0.0,0.0,Carteret,0.0,0.0,0.0,Carteret,0.0,0.0,0.0,Carteret,0.0,0.0,0.0,Carteret,0.0,0.0,0.0,Carteret,0.0,0.0,0.0,Carteret,0.0035465024630541866,0.009291516146688562,0.007093004926108373,Carteret,0.5319753694581281,1.393727422003284,1.063950738916256,Carteret,0.0,0.0,0.0,Carteret,0.0,0.0,0.0,Carteret,0.0017732512315270933,0.004645758073344281,0.0035465024630541866,Carteret,0.0,0.0,0.0,Carteret,1.7761327647783252,4.6596953475643135,3.5522655295566503,Carteret,1.243196884236453,3.261322167487685,2.486393768472906,Carteret,1.7761327647783252,4.6596953475643135,3.5522655295566503
Duplin,0.0,0.0,0.0,Duplin,0.0,0.0,0.0,Duplin,0.0,0.0,0.0,Duplin,0.0,0.0,0.0,Duplin,0.0,0.0,0.0,Duplin,0.0,0.0,0.0,Duplin,0.0,0.0,0.0,Duplin,0.0,0.0,0.0,Duplin,0.0,0.0,0.0,Duplin,0.0,0.0,0.0,Duplin,0.0,0.0,0.0,Duplin,0.0,0.0,0.0,Duplin,0.0,0.0,0.0,Duplin,0.0,0.0,0.0,Duplin,0.0,0.0,0.0,Duplin,0.0,0.0,0.0,Duplin,0.0,0.0,0.0,Duplin,0.0,0.0,0.0,Duplin,0.0,0.0,0.0,Duplin,0.0,0.0,0.0,Duplin,0.0,0.0,0.0
Scotland,0.0,0.0,0.0,Scotland,0.0,0.0,0.0,Scotland,0.0,0.0,0.0,Scotland,0.0,0.0,0.0,Scotland,0.0,0.0,0.0,Scotland,0.0,0.0,0.0,Scotland,0.0,0.0,0.0,Scotland,0.0,0.0,0.0,Scotland,0.0,0.0,0.0,Scotland,0.0,0.0,0.0,Scotland,0.0,0.0,0.0,Scotland,0.0,0.0,0.0,Scotland,0.0,0.0,0.0,Scotland,0.0,0.0,0.0,Scotland,0.0,0.0,0.0,Scotland,0.0,0.0,0.0,Scotland,0.0,0.0,0.0,Scotland,0.0,0.0,0.0,Scotland,0.0,0.0,0.0,Scotland,0.0,0.0,0.0,Scotland,0.0,0.0,0.0
Richmond,0.0,0.0,0.0,Richmond,0.0,0.0,0.0,Richmond,0.0,0.0,0.0,Richmond,0.0,0.0,0.0,Richmond,0.0,0.0,0.0,Richmond,0.0,0.0,0.0,Richmond,0.0,0.0,0.0,Richmond,0.0,0.0,0.0,Richmond,0.0,0.0,0.0,Richmond,0.0,0.0,0.0,Richmond,0.0,0.0,0.0,Richmond,0.0,0.0,0.0,Richmond,0.0,0.0,0.0,Richmond,0.0,0.0,0.0,Richmond,0.0,0.0,0.0,Richmond,0.0,0.0,0.0,Richmond,0.0,0.0,0.0,Richmond,0.0,0.0,0.0,Richmond,0.0,0.0,0.0,Richmond,0.0,0.0,0.0,Richmond,0.0,0.0,0.0
Jones,0.0,0.0,0.0,Jones,0.0,0.0,0.0,Jones,0.0,0.0,0.0,Jones,0.0,0.0,0.0,Jones,0.0,0.0,0.0,Jones,0.0,0.0,0.0,Jones,0.0,0.0,0.0,Jones,0.0,0.0,0.0,Jones,0.0,0.0,0.0,Jones,0.0,0.0,0.0,Jones,0.0,0.0,0.0,Jones,0.0,0.0,0.0,Jones,0.0,0.0,0.0,Jones,0.0,0.0,0.0,Jones,0.0,0.0,0.0,Jones,0.0,0.0,0.0,Jones,0.0,0.0,0.0,Jones,0.0,0.0,0.0,Jones,0.0,0.0,0.0,Jones,0.0,0.0,0.0,Jones,0.0,0.0,0.0
Craven,0.0,0.0,0.0,Craven,0.0,0.0,0.0,Craven,0.0,0.0,0.0,Craven,0.0,0.0,0.0,Craven,0.0,0.0,0.0,Craven,0.0,0.0,0.0,Craven,0.0,0.0,0.0,Craven,0.0,0.0,0.0,Craven,0.0,0.0,0.0,Craven,0.0,0.0,0.0,Craven,0.0,0.0,0.0,Craven,0.0,0.0,0.0,Craven,0.0,0.0,0.0,Craven,0.0,0.0,0.0,Craven,0.0,0.0,0.0,Craven,0.0,0.0,0.0,Craven,0.0,0.0,0.0,Craven,0.0,0.0,0.0,Craven,0.0,0.0,0.0,Craven,0.0,0.0,0.0,Craven,0.0,0.0,0.0
Cumberland,0.0,0.0,0.0,Cumberland,0.0,0.0,0.0,Cumberland,0.0,0.0,0.0,Cumberland,0.0,0.0,0.0,Cumberland,0.0,0.0,0.0,Cumberland,0.0,0.0,0.0,Cumberland,0.0,0.0,0.0,Cumberland,0.0,0.0,0.0,Cumberland,0.0,0.0,0.0,Cumberland,0.0,0.0,0.0,Cumberland,0.0,0.0,0.0,Cumberland,0.0,0.0,0.0,Cumberland,0.0,0.0,0.0,Cumberland,0.0,0.0,0.0,Cumberland,0.0,0.0,0.0,Cumberland,0.0,0.0,0.0,Cumberland,0.0,0.0,0.0,Cumberland,0.0,0.0,0.0,Cumberland,0.0,0.0,0.0,Cumberland,0.0,0.0,0.0,Cumberland,0.0,0.0,0.0
Pamlico,0.0,0.0,0.0,Pamlico,0.0,0.0,0.0,Pamlico,0.0,0.0,0.0,Pamlico,0.0,0.0,0.0,Pamlico,0.0,0.0,0.0,Pamlico,0.0,0.0,0.0,Pamlico,0.0,0.0,0.0,Pamlico,0.0,0.0,0.0,Pamlico,0.0,0.0,0.0,Pamlico,0.0,0.0,0.0,Pamlico,0.0,0.0,0.0,Pamlico,0.0,0.0,0.0,Pamlico,0.0,0.0,0.0,Pamlico,0.0,0.0,0.0,Pamlico,0.0,0.0,0.0,Pamlico,0.0,0.0,0.0,Pamlico,0.0,0.0,0.0,Pamlico,0.0,0.0,0.0,Pamlico,0.23932919254658386,0.1889579020013803,0.4786583850931677,Pamlico,0.7179875776397516,0.5668737060041407,1.4359751552795033,Pamlico,0.23932919254658386,0.1889579020013803,0.4786583850931677
Mecklenburg,0.0,0.0,0.0,Mecklenburg,0.0,0.0,0.0,Mecklenburg,0.0,0.0,0.0,Mecklenburg,0.0,0.0,0.0,Mecklenburg,0.0,0.0,0.0,Mecklenburg,0.0,0.0,0.0,Mecklenburg,0.0,0.0,0.0,Mecklenburg,0.0,0.0,0.0,Mecklenburg,0.0,0.0,0.0,Mecklenburg,0.0,0.0,0.0,Mecklenburg,0.0,0.0,0.0,Mecklenburg,0.0,0.0,0.0,Mecklenburg,0.0,0.0,0.0,Mecklenburg,0.0,0.0,0.0,Mecklenburg,0.0,0.0,0.0,Mecklenburg,0.0,0.0,0.0,Mecklenburg,0.0,0.0,0.0,Mecklenburg,0.0,0.0,0.0,Mecklenburg,0.0,0.0,0.0,Mecklenburg,0.0,0.0,0.0,Mecklenburg,0.0,0.0,0.0
Jackson,0.01134199343724364,0.004042986054142741,0.02268398687448728,Jackson,0.01134199343724364,0.004042986054142741,0.02268398687448728,Jackson,0.03780664479081213,0.0134766201804758,0.07561328958162426,Jackson,0.0,0.0,0.0,Jackson,0.007561328958162427,0.0026953240360951605,0.015122657916324854,Jackson,0.01134199343724364,0.004042986054142741,0.02268398687448728,Jackson,0.0,0.0,0.0,Jackson,0.0,0.0,0.0,Jackson,0.7561328958162428,0.2695324036095161,1.5122657916324855,Jackson,5.301121710418375,1.8921174733388024,10.60224342083675,Jackson,0.01134199343724364,0.004042986054142741,0.02268398687448728,Jackson,0.01134199343724364,0.004042986054142741,0.02268398687448728,Jackson,0.01134199343724364,0.004042986054142741,0.02268398687448728,Jackson,0.007561328958162427,0.0026953240360951605,0.015122657916324854,Jackson,0.01134199343724364,0.004042986054142741,0.02268398687448728,Jackson,0.0,0.0,0.0,Jackson,0.01134199343724364,0.004042986054142741,0.02268398687448728,Jackson,0.007561328958162427,0.0026953240360951605,0.015122657916324854,Jackson,0.007561328958162427,0.0026953240360951605,0.015122657916324854,Jackson,0.0,0.0,0.0,Jackson,0.01134199343724364,0.004042986054142741,0.02268398687448728
Transylvania,0.5905326032852166,0.4361174713787955,1.1810652065704332,Transylvania,4.1401256595321065,3.0615446490791434,8.280251319064211,Transylvania,0.029526630164260825,0.02180587356893977,0.05905326032852165,Transylvania,0.01181065206570433,0.008722349427575908,0.02362130413140866,Transylvania,0.029526630164260825,0.02180587356893977,0.05905326032852165,Transylvania,0.01181065206570433,0.008722349427575908,0.02362130413140866,Transylvania,0.005905326032852165,0.004361174713787954,0.01181065206570433,Transylvania,0.008857989049278248,0.006541762070681932,0.017715978098556497,Transylvania,0.029526630164260825,0.02180587356893977,0.05905326032852165,Transylvania,4.1401256595321065,3.0615446490791434,8.280251319064211,Transylvania,0.029526630164260825,0.02180587356893977,0.05905326032852165,Transylvania,0.029526630164260825,0.02180587356893977,0.05905326032852165,Transylvania,0.01181065206570433,0.008722349427575908,0.02362130413140866,Transylvania,0.008857989049278248,0.006541762070681932,0.017715978098556497,Transylvania,0.01181065206570433,0.008722349427575908,0.02362130413140866,Transylvania,0.005905326032852165,0.004361174713787954,0.01181065206570433,Transylvania,0.029526630164260825,0.02180587356893977,0.05905326032852165,Transylvania,0.005905326032852165,0.004361174713787954,0.01181065206570433,Transylvania,0.029526630164260825,0.02180587356893977,0.05905326032852165,Transylvania,0.005905326032852165,0.004361174713787954,0.01181065206570433,Transylvania,0.5905326032852166,0.4361174713787955,1.1810652065704332
Hyde,0.0010411685393258428,0.002839757994814175,0.002082337078651685,Hyde,0.0,0.0,0.0,Hyde,0.0006941123595505617,0.0018931719965427829,0.0013882247191011235,Hyde,0.06941123595505619,0.18931719965427832,0.13882247191011238,Hyde,0.0,0.0,0.0,Hyde,0.06941123595505619,0.18931719965427832,0.13882247191011238,Hyde,0.0,0.0,0.0,Hyde,0.0,0.0,0.0,Hyde,0.0,0.0,0.0,Hyde,0.0,0.0,0.0,Hyde,0.0,0.0,0.0,Hyde,0.0,0.0,0.0,Hyde,0.0013882247191011235,0.0037863439930855658,0.0027764494382022478,Hyde,0.0006941123595505617,0.0018931719965427829,0.0013882247191011235,Hyde,0.0,0.0,0.0,Hyde,0.0,0.0,0.0,Hyde,0.0,0.0,0.0,Hyde,0.0,0.0,0.0,Hyde,0.06941123595505619,0.18931719965427832,0.13882247191011238,Hyde,0.6952402921348315,1.8988515125324112,1.390480584269663,Hyde,4.421206516853932,13.45477337942956,8.842413033707864
Montgomery,0.0,0.0,0.0,Montgomery,0.0,0.0,0.0,Montgomery,0.0,0.0,0.0,Montgomery,0.0,0.0,0.0,Montgomery,0.0,0.0,0.0,Montgomery,0.0,0.0,0.0,Montgomery,0.0,0.0,0.0,Montgomery,0.0,0.0,0.0,Montgomery,0.0,0.0,0.0,Montgomery,0.0,0.0,0.0,Montgomery,0.0,0.0,0.0,Montgomery,0.0,0.0,0.0,Montgomery,0.0,0.0,0.0,Montgomery,0.0,0.0,0.0,Montgomery,0.0,0.0,0.0,Montgomery,0.0,0.0,0.0,Montgomery,0.0,0.0,0.0,Montgomery,0.0,0.0,0.0,Montgomery,0.0,0.0,0.0,Montgomery,0.0,0.0,0.0,Montgomery,0.0,0.0,0.0
Stanly,0.0,0.0,0.0,Stanly,0.0,0.0,0.0,Stanly,0.0,0.0,0.0,Stanly,0.0,0.0,0.0,Stanly,0.0,0.0,0.0,Stanly,0.0,0.0,0.0,Stanly,0.0,0.0,0.0,Stanly,0.0,0.0,0.0,Stanly,0.0,0.0,0.0,Stanly,0.0,0.0,0.0,Stanly,0.0,0.0,0.0,Stanly,0.0,0.0,0.0,Stanly,0.0,0.0,0.0,Stanly,0.0,0.0,0.0,Stanly,0.0,0.0,0.0,Stanly,0.0,0.0,0.0,Stanly,0.0,0.0,0.0,Stanly,0.0,0.0,0.0,Stanly,0.0,0.0,0.0,Stanly,0.0,0.0,0.0,Stanly,0.0,0.0,0.0
Gaston,0.0,0.0,0.0,Gaston,0.0,0.0,0.0,Gaston,0.0,0.0,0.0,Gaston,0.0,0.0,0.0,Gaston,0.0,0.0,0.0,Gaston,0.0,0.0,0.0,Gaston,0.0,0.0,0.0,Gaston,0.0,0.0,0.0,Gaston,0.0,0.0,0.0,Gaston,0.0,0.0,0.0,Gaston,0.0,0.0,0.0,Gaston,0.0,0.0,0.0,Gaston,0.0,0.0,0.0,Gaston,0.0,0.0,0.0,Gaston,0.0,0.0,0.0,Gaston,0.0,0.0,0.0,Gaston,0.0,0.0,0.0,Gaston,0.0,0.0,0.0,Gaston,0.0,0.0,0.0,Gaston,0.0,0.0,0.0,Gaston,0.0,0.0,0.0
Cleveland,0.0,0.0,0.0,Cleveland,0.0,0.0,0.0,Cleveland,0.0,0.0,0.0,Cleveland,0.0,0.0,0.0,Cleveland,0.0,0.0,0.0,Cleveland,0.0,0.0,0.0,Cleveland,0.0,0.0,0.0,Cleveland,0.0,0.0,0.0,Cleveland,0.0,0.0,0.0,Cleveland,0.0,0.0,0.0,Cleveland,0.0,0.0,0.0,Cleveland,0.0,0.0,0.0,Cleveland,0.0,0.0,0.0,Cleveland,0.0,0.0,0.0,Cleveland,0.0,0.0,0.0,Cleveland,0.0,0.0,0.0,Cleveland,0.0,0.0,0.0,Cleveland,0.0,0.0,0.0,Cleveland,0.0,0.0,0.0,Cleveland,0.0,0.0,0.0,Cleveland,0.0,0.0,0.0
Macon,2.5177982142857145,1.3201071428571431,5.035596428571429,Macon,0.04196330357142857,0.02200178571428572,0.08392660714285714,Macon,0.016785321428571427,0.008800714285714287,0.03357064285714285,Macon,0.016785321428571427,0.008800714285714287,0.03357064285714285,Macon,0.016785321428571427,0.008800714285714287,0.03357064285714285,Macon,5.883954549107143,3.0890507142857144,11.767909098214286,Macon,0.01258899107142857,0.006600535714285715,0.02517798214285714,Macon,0.016785321428571427,0.008800714285714287,0.03357064285714285,Macon,0.016785321428571427,0.008800714285714287,0.03357064285714285,Macon,0.016785321428571427,0.008800714285714287,0.03357064285714285,Macon,0.016785321428571427,0.008800714285714287,0.03357064285714285,Macon,0.008392660714285714,0.004400357142857143,0.016785321428571427,Macon,0.01258899107142857,0.006600535714285715,0.02517798214285714,Macon,0.008392660714285714,0.004400357142857143,0.016785321428571427,Macon,0.016785321428571427,0.008800714285714287,0.03357064285714285,Macon,0.8392660714285715,0.4400357142857144,1.678532142857143,Macon,0.01258899107142857,0.006600535714285715,0.02517798214285714,Macon,0.016785321428571427,0.008800714285714287,0.03357064285714285,Macon,0.01258899107142857,0.006600535714285715,0.02517798214285714,Macon,0.016785321428571427,0.008800714285714287,0.03357064285714285,Macon,0.04196330357142857,0.02200178571428572,0.08392660714285714
Cherokee,0.0,0.0,0.0,Cherokee,0.0,0.0,0.0,Cherokee,0.0,0.0,0.0,Cherokee,0.0,0.0,0.0,Cherokee,0.0,0.0,0.0,Cherokee,0.0,0.0,0.0,Cherokee,0.0,0.0,0.0,Cherokee,0.0,0.0,0.0,Cherokee,0.0137246484375,0.01176484375,0.027449296875,Cherokee,0.0,0.0,0.0,Cherokee,0.0,0.0,0.0,Cherokee,0.0,0.0,0.0,Cherokee,0.0,0.0,0.0,Cherokee,0.0,0.0,0.0,Cherokee,0.0,0.0,0.0,Cherokee,0.0,0.0,0.0,Cherokee,0.006862324218749999,0.005882421875,0.0137246484375,Cherokee,0.006862324218749999,0.005882421875,0.0137246484375,Cherokee,0.0,0.0,0.0,Cherokee,0.0,0.0,0.0,Cherokee,0.0,0.0,0.0
Clay,0.029906454816286,0.005437934458788481,0.059812909632572,Clay,0.0119625819265144,0.0021751737835153926,0.0239251638530288,Clay,0.0059812909632572,0.0010875868917576963,0.0119625819265144,Clay,0.0089719364448858,0.0016313803376365446,0.0179438728897716,Clay,0.0119625819265144,0.0021751737835153926,0.0239251638530288,Clay,0.0089719364448858,0.0016313803376365446,0.0179438728897716,Clay,0.0,0.0,0.0,Clay,0.0,0.0,0.0,Clay,0.0,0.0,0.0,Clay,0.0119625819265144,0.0021751737835153926,0.0239251638530288,Clay,0.0059812909632572,0.0010875868917576963,0.0119625819265144,Clay,0.0089719364448858,0.0016313803376365446,0.0179438728897716,Clay,0.0,0.0,0.0,Clay,0.0059812909632572,0.0010875868917576963,0.0119625819265144,Clay,0.0059812909632572,0.0010875868917576963,0.0119625819265144,Clay,0.0059812909632572,0.0010875868917576963,0.0119625819265144,Clay,0.0059812909632572,0.0010875868917576963,0.0119625819265144,Clay,0.0,0.0,0.0,Clay,0.0059812909632572,0.0010875868917576963,0.0119625819265144,Clay,0.0,0.0,0.0,Clay,0.0089719364448858,0.0016313803376365446,0.0179438728897716
Henderson,0.0,0.0,0.0,Henderson,0.0,0.0,0.0,Henderson,0.0,0.0,0.0,Henderson,0.0,0.0,0.0,Henderson,0.0,0.0,0.0,Henderson,0.0,0.0,0.0,Henderson,0.0,0.0,0.0,Henderson,0.0,0.0,0.0,Henderson,0.0,0.0,0.0,Henderson,0.0,0.0,0.0,Henderson,0.0,0.0,0.0,Henderson,0.0,0.0,0.0,Henderson,0.0,0.0,0.0,Henderson,0.0,0.0,0.0,Henderson,0.0,0.0,0.0,Henderson,0.0,0.0,0.0,Henderson,0.0,0.0,0.0,Henderson,0.0,0.0,0.0,Henderson,0.0,0.0,0.0,Henderson,0.0,0.0,0.0,Henderson,0.0,0.0,0.0
Rutherford,0.0,0.0,0.0,Rutherford,0.0,0.0,0.0,Rutherford,0.0,0.0,0.0,Rutherford,0.0,0.0,0.0,Rutherford,0.0,0.0,0.0,Rutherford,0.0,0.0,0.0,Rutherford,0.0,0.0,0.0,Rutherford,0.0,0.0,0.0,Rutherford,0.0,0.0,0.0,Rutherford,0.0,0.0,0.0,Rutherford,0.0,0.0,0.0,Rutherford,0.0,0.0,0.0,Rutherford,0.0,0.0,0.0,Rutherford,0.0,0.0,0.0,Rutherford,0.0,0.0,0.0,Rutherford,0.0,0.0,0.0,Rutherford,0.0,0.0,0.0,Rutherford,0.0,0.0,0.0,Rutherford,0.0,0.0,0.0,Rutherford,0.0,0.0,0.0,Rutherford,0.0,0.0,0.0
Polk,0.0,0.0,0.0,Polk,0.0,0.0,0.0,Polk,0.0,0.0,0.0,Polk,0.0,0.0,0.0,Polk,0.0,0.0,0.0,Polk,0.0,0.0,0.0,Polk,0.0,0.0,0.0,Polk,0.0,0.0,0.0,Polk,0.0,0.0,0.0,Polk,0.0,0.0,0.0,Polk,0.0,0.0,0.0,Polk,0.0,0.0,0.0,Polk,0.0,0.0,0.0,Polk,0.0,0.0,0.0,Polk,0.0,0.0,0.0,Polk,0.0,0.0,0.0,Polk,0.0,0.0,0.0,Polk,0.0,0.0,0.0,Polk,0.0,0.0,0.0,Polk,0.0,0.0,0.0,Polk,0.0,0.0,0.0
Dare,0.00237501626545218,0.013894860117111257,0.00475003253090436,Dare,0.0,0.0,0.0,Dare,0.0,0.0,0.0,Dare,0.11875081327260904,0.694743005855563,0.2375016265452181,Dare,0.0,0.0,0.0,Dare,1.7838351333767084,10.448934808067667,3.5676702667534173,Dare,0.0,0.0,0.0,Dare,0.0017812621990891352,0.010421145087833443,0.0035625243981782704,Dare,0.0,0.0,0.0,Dare,0.0,0.0,0.0,Dare,0.0,0.0,0.0,Dare,0.0,0.0,0.0,Dare,1.7838351333767084,10.448934808067667,3.5676702667534173,Dare,0.00118750813272609,0.006947430058555628,0.00237501626545218,Dare,0.0,0.0,0.0,Dare,0.0,0.0,0.0,Dare,0.00118750813272609,0.006947430058555628,0.00237501626545218,Dare,0.0,0.0,0.0,Dare,6.115666883539364,39.60035133376708,12.231333767078727,Dare,1.7838351333767084,10.448934808067667,3.5676702667534173,Dare,9.39640549772284,63.29456154847105,18.79281099544568
Lee,0.0,0.0,0.0,Lee,0.0,0.0,0.0,Lee,0.0,0.0,0.0,Lee,0.0,0.0,0.0,Lee,0.0,0.0,0.0,Lee,0.0,0.0,0.0,Lee,0.0,0.0,0.0,Lee,0.0,0.0,0.0,Lee,0.0,0.0,0.0,Lee,0.0,0.0,0.0,Lee,0.0,0.0,0.0,Lee,0.0,0.0,0.0,Lee,0.0,0.0,0.0,Lee,0.0,0.0,0.0,Lee,0.0,0.0,0.0,Lee,0.0,0.0,0.0,Lee,0.0,0.0,0.0,Lee,0.0,0.0,0.0,Lee,0.0,0.0,0.0,Lee,0.0,0.0,0.0,Lee,0.0,0.0,0.0
Graham,10.90662554347826,10.576555183946487,21.81325108695652,Graham,3.3167338043478263,3.2141739130434783,6.6334676086956526,Graham,4.73855722826087,4.59233110367893,9.47711445652174,Graham,14.705119565217393,14.651505016722414,29.410239130434785,Graham,7.106554565217392,6.8862073578595355,14.213109130434784,Graham,14.705119565217393,14.651505016722414,29.410239130434785,Graham,3.3167338043478263,3.2141739130434783,6.6334676086956526,Graham,0.023654347826086955,0.022892976588628763,0.04730869565217391,Graham,4.73855722826087,4.59233110367893,9.47711445652174,Graham,3.3167338043478263,3.2141739130434783,6.6334676086956526,Graham,3.3167338043478263,3.2141739130434783,6.6334676086956526,Graham,0.4730869565217392,0.4578595317725754,0.9461739130434784,Graham,3.3167338043478263,3.2141739130434783,6.6334676086956526,Graham,3.3167338043478263,3.2141739130434783,6.6334676086956526,Graham,4.73855722826087,4.59233110367893,9.47711445652174,Graham,7.106554565217392,6.8862073578595355,14.213109130434784,Graham,1.4192608695652176,1.3735785953177255,2.838521739130435,Graham,0.4730869565217392,0.4578595317725754,0.9461739130434784,Graham,1.4192608695652176,1.3735785953177255,2.838521739130435,Graham,1.4192608695652176,1.3735785953177255,2.838521739130435,Graham,3.3167338043478263,3.2141739130434783,6.6334676086956526
Haywood,11.889207352941177,17.391049170437412,23.778414705882355,Haywood,11.889207352941177,17.391049170437412,23.778414705882355,Haywood,2.3744117647058824,3.4689592760180994,4.748823529411765,Haywood,11.889207352941177,17.391049170437412,23.778414705882355,Haywood,11.889207352941177,17.391049170437412,23.778414705882355,Haywood,24.601544117647055,37.00223227752641,49.20308823529411,Haywood,24.601544117647055,37.00223227752641,49.20308823529411,Haywood,5.548868382352941,8.117364705882352,11.097736764705882,Haywood,18.24669485294117,26.71098642533937,36.49338970588234,Haywood,7.927567279411764,11.59788717948718,15.855134558823528,Haywood,11.889207352941177,17.391049170437412,23.778414705882355,Haywood,2.3744117647058824,3.4689592760180994,4.748823529411765,Haywood,5.548868382352941,8.117364705882352,11.097736764705882,Haywood,2.3744117647058824,3.4689592760180994,4.748823529411765,Haywood,7.927567279411764,11.59788717948718,15.855134558823528,Haywood,18.24669485294117,26.71098642533937,36.49338970588234,Haywood,2.3744117647058824,3.4689592760180994,4.748823529411765,Haywood,5.548868382352941,8.117364705882352,11.097736764705882,Haywood,5.548868382352941,8.117364705882352,11.097736764705882,Haywood,5.548868382352941,8.117364705882352,11.097736764705882,Haywood,11.889207352941177,17.391049170437412,23.778414705882355
Swain,0.5502325581395351,0.4716623600344531,1.1004651162790702,Swain,0.009170542635658916,0.007861039333907553,0.018341085271317833,Swain,0.1834108527131783,0.15722078667815104,0.3668217054263566,Swain,0.1834108527131783,0.15722078667815104,0.3668217054263566,Swain,1.285862919896641,1.1036899224806205,2.571725839793282,Swain,1.285862919896641,1.1036899224806205,2.571725839793282,Swain,0.1834108527131783,0.15722078667815104,0.3668217054263566,Swain,0.009170542635658916,0.007861039333907553,0.018341085271317833,Swain,0.1834108527131783,0.15722078667815104,0.3668217054263566,Swain,1.285862919896641,1.1036899224806205,2.571725839793282,Swain,0.5502325581395351,0.4716623600344531,1.1004651162790702,Swain,0.0036682170542635655,0.003144415733563021,0.007336434108527131,Swain,0.009170542635658916,0.007861039333907553,0.018341085271317833,Swain,0.0036682170542635655,0.003144415733563021,0.007336434108527131,Swain,0.5502325581395351,0.4716623600344531,1.1004651162790702,Swain,0.1834108527131783,0.15722078667815104,0.3668217054263566,Swain,0.0036682170542635655,0.003144415733563021,0.007336434108527131,Swain,0.0036682170542635655,0.003144415733563021,0.007336434108527131,Swain,0.1834108527131783,0.15722078667815104,0.3668217054263566,Swain,0.009170542635658916,0.007861039333907553,0.018341085271317833,Swain,1.285862919896641,1.1036899224806205,2.571725839793282
Lincoln,0.0,0.0,0.0,Lincoln,0.0,0.0,0.0,Lincoln,0.0,0.0,0.0,Lincoln,0.0,0.0,0.0,Lincoln,0.0,0.0,0.0,Lincoln,0.0,0.0,0.0,Lincoln,0.0,0.0,0.0,Lincoln,0.0,0.0,0.0,Lincoln,0.0,0.0,0.0,Lincoln,0.0,0.0,0.0,Lincoln,0.0,0.0,0.0,Lincoln,0.0,0.0,0.0,Lincoln,0.0,0.0,0.0,Lincoln,0.0,0.0,0.0,Lincoln,0.0,0.0,0.0,Lincoln,0.0,0.0,0.0,Lincoln,0.0,0.0,0.0,Lincoln,0.0,0.0,0.0,Lincoln,0.0,0.0,0.0,Lincoln,0.0,0.0,0.0,Lincoln,0.0,0.0,0.0
Buncombe,1.6192250489236788,2.1432485322896286,3.2384500978473576,Buncombe,0.08096125244618392,0.1071624266144814,0.16192250489236787,Buncombe,0.03238450097847357,0.04286497064579256,0.06476900195694714,Buncombe,0.024288375733855182,0.03214872798434442,0.048576751467710365,Buncombe,0.024288375733855182,0.03214872798434442,0.048576751467710365,Buncombe,0.08096125244618392,0.1071624266144814,0.16192250489236787,Buncombe,0.016192250489236785,0.02143248532289628,0.03238450097847357,Buncombe,0.024288375733855182,0.03214872798434442,0.048576751467710365,Buncombe,0.024288375733855182,0.03214872798434442,0.048576751467710365,Buncombe,11.352116947162425,15.045604696673191,22.70423389432485,Buncombe,0.024288375733855182,0.03214872798434442,0.048576751467710365,Buncombe,1.6192250489236788,2.1432485322896286,3.2384500978473576,Buncombe,0.08096125244618392,0.1071624266144814,0.16192250489236787,Buncombe,0.03238450097847357,0.04286497064579256,0.06476900195694714,Buncombe,0.024288375733855182,0.03214872798434442,0.048576751467710365,Buncombe,0.03238450097847357,0.04286497064579256,0.06476900195694714,Buncombe,0.08096125244618392,0.1071624266144814,0.16192250489236787,Buncombe,4.857675146771037,6.429745596868885,9.715350293542073,Buncombe,16.2185628962818,21.49678277886497,32.4371257925636,Buncombe,0.024288375733855182,0.03214872798434442,0.048576751467710365,Buncombe,0.08096125244618392,0.1071624266144814,0.16192250489236787
Rowan,0.0,0.0,0.0,Rowan,0.0,0.0,0.0,Rowan,0.0,0.0,0.0,Rowan,0.0,0.0,0.0,Rowan,0.0,0.0,0.0,Rowan,0.0,0.0,0.0,Rowan,0.0,0.0,0.0,Rowan,0.0,0.0,0.0,Rowan,0.0,0.0,0.0,Rowan,0.0,0.0,0.0,Rowan,0.0,0.0,0.0,Rowan,0.0,0.0,0.0,Rowan,0.0,0.0,0.0,Rowan,0.0,0.0,0.0,Rowan,0.0,0.0,0.0,Rowan,0.0,0.0,0.0,Rowan,0.0,0.0,0.0,Rowan,0.0,0.0,0.0,Rowan,0.0,0.0,0.0,Rowan,0.0,0.0,0.0,Rowan,0.0,0.0,0.0
Davidson,0.0,0.0,0.0,Davidson,0.0,0.0,0.0,Davidson,0.0,0.0,0.0,Davidson,0.0,0.0,0.0,Davidson,0.0,0.0,0.0,Davidson,0.0,0.0,0.0,Davidson,0.0,0.0,0.0,Davidson,0.0,0.0,0.0,Davidson,0.0,0.0,0.0,Davidson,0.0,0.0,0.0,Davidson,0.0,0.0,0.0,Davidson,0.0,0.0,0.0,Davidson,0.0,0.0,0.0,Davidson,0.0,0.0,0.0,Davidson,0.0,0.0,0.0,Davidson,0.0,0.0,0.0,Davidson,0.0,0.0,0.0,Davidson,0.0,0.0,0.0,Davidson,0.0,0.0,0.0,Davidson,0.0,0.0,0.0,Davidson,0.0,0.0,0.0
Randolph,0.0,0.0,0.0,Randolph,0.0,0.0,0.0,Randolph,0.0,0.0,0.0,Randolph,0.0,0.0,0.0,Randolph,0.0,0.0,0.0,Randolph,0.0,0.0,0.0,Randolph,0.0,0.0,0.0,Randolph,0.0,0.0,0.0,Randolph,0.0,0.0,0.0,Randolph,0.0,0.0,0.0,Randolph,0.0,0.0,0.0,Randolph,0.0,0.0,0.0,Randolph,0.0,0.0,0.0,Randolph,0.0,0.0,0.0,Randolph,0.0,0.0,0.0,Randolph,0.0,0.0,0.0,Randolph,0.0,0.0,0.0,Randolph,0.0,0.0,0.0,Randolph,0.0,0.0,0.0,Randolph,0.0,0.0,0.0,Randolph,0.0,0.0,0.0
McDowell,0.03265190217391304,0.027280797101449282,0.06530380434782608,McDowell,0.009795570652173909,0.008184239130434784,0.019591141304347817,McDowell,0.013060760869565216,0.010912318840579709,0.026121521739130432,McDowell,0.009795570652173909,0.008184239130434784,0.019591141304347817,McDowell,0.03265190217391304,0.027280797101449282,0.06530380434782608,McDowell,0.006530380434782608,0.0054561594202898545,0.013060760869565216,McDowell,0.006530380434782608,0.0054561594202898545,0.013060760869565216,McDowell,0.009795570652173909,0.008184239130434784,0.019591141304347817,McDowell,0.0,0.0,0.0,McDowell,1.9591141304347823,1.6368478260869566,3.918228260869565,McDowell,0.009795570652173909,0.008184239130434784,0.019591141304347817,McDowell,1.9591141304347823,1.6368478260869566,3.918228260869565,McDowell,0.03265190217391304,0.027280797101449282,0.06530380434782608,McDowell,0.006530380434782608,0.0054561594202898545,0.013060760869565216,McDowell,0.0,0.0,0.0,McDowell,0.0,0.0,0.0,McDowell,0.009795570652173909,0.008184239130434784,0.019591141304347817,McDowell,0.006530380434782608,0.0054561594202898545,0.013060760869565216,McDowell,0.013060760869565216,0.010912318840579709,0.026121521739130432,McDowell,0.0,0.0,0.0,McDowell,0.03265190217391304,0.027280797101449282,0.06530380434782608
Catawba,0.0,0.0,0.0,Catawba,0.0,0.0,0.0,Catawba,0.0,0.0,0.0,Catawba,0.0,0.0,0.0,Catawba,0.0,0.0,0.0,Catawba,0.0,0.0,0.0,Catawba,0.0,0.0,0.0,Catawba,0.0,0.0,0.0,Catawba,0.0,0.0,0.0,Catawba,0.0,0.0,0.0,Catawba,0.0,0.0,0.0,Catawba,0.0,0.0,0.0,Catawba,0.0,0.0,0.0,Catawba,0.0,0.0,0.0,Catawba,0.0,0.0,0.0,Catawba,0.0,0.0,0.0,Catawba,0.0,0.0,0.0,Catawba,0.0,0.0,0.0,Catawba,0.0,0.0,0.0,Catawba,0.0,0.0,0.0,Catawba,0.0,0.0,0.0
Burke,0.015322666666666663,0.025496719576719576,0.030645333333333327,Burke,0.03830666666666665,0.06374179894179892,0.0766133333333333,Burke,0.015322666666666663,0.025496719576719576,0.030645333333333327,Burke,0.011491999999999995,0.019122539682539682,0.02298399999999999,Burke,0.03830666666666665,0.06374179894179892,0.0766133333333333,Burke,0.007661333333333332,0.012748359788359788,0.015322666666666663,Burke,0.011491999999999995,0.019122539682539682,0.02298399999999999,Burke,0.011491999999999995,0.019122539682539682,0.02298399999999999,Burke,0.0,0.0,0.0,Burke,5.371233111111111,8.94934857142857,10.742466222222221,Burke,0.015322666666666663,0.025496719576719576,0.030645333333333327,Burke,0.03830666666666665,0.06374179894179892,0.0766133333333333,Burke,0.03830666666666665,0.06374179894179892,0.0766133333333333,Burke,0.015322666666666663,0.025496719576719576,0.030645333333333327,Burke,0.011491999999999995,0.019122539682539682,0.02298399999999999,Burke,0.015322666666666663,0.025496719576719576,0.030645333333333327,Burke,0.03830666666666665,0.06374179894179892,0.0766133333333333,Burke,0.7661333333333331,1.2748359788359789,1.5322666666666662,Burke,7.6737829999999985,12.786604867724867,15.347566,Burke,0.011491999999999995,0.019122539682539682,0.02298399999999999,Burke,0.03830666666666665,0.06374179894179892,0.0766133333333333
Tyrrell,0.0,0.0,0.0,Tyrrell,0.0,0.0,0.0,Tyrrell,0.0,0.0,0.0,Tyrrell,0.0,0.0,0.0,Tyrrell,0.0,0.0,0.0,Tyrrell,0.0,0.0,0.0,Tyrrell,0.0,0.0,0.0,Tyrrell,0.0,0.0,0.0,Tyrrell,0.0,0.0,0.0,Tyrrell,0.0,0.0,0.0,Tyrrell,0.0009606315789473683,0.0,0.0019212631578947367,Tyrrell,0.0,0.0,0.0,Tyrrell,0.0,0.0,0.0,Tyrrell,0.0,0.0,0.0,Tyrrell,0.0,0.0,0.0,Tyrrell,0.0,0.0,0.0,Tyrrell,0.0,0.0,0.0,Tyrrell,0.0,0.0,0.0,Tyrrell,0.0,0.0,0.0,Tyrrell,0.09606315789473684,0.0,0.19212631578947367,Tyrrell,0.6734827894736841,0.0,1.3469655789473682
Edgecombe,0.0,0.0,0.0,Edgecombe,0.0,0.0,0.0,Edgecombe,0.0,0.0,0.0,Edgecombe,0.0,0.0,0.0,Edgecombe,0.0,0.0,0.0,Edgecombe,0.0,0.0,0.0,Edgecombe,0.0,0.0,0.0,Edgecombe,0.0,0.0,0.0,Edgecombe,0.0,0.0,0.0,Edgecombe,0.0,0.0,0.0,Edgecombe,0.0,0.0,0.0,Edgecombe,0.0,0.0,0.0,Edgecombe,0.0,0.0,0.0,Edgecombe,0.0,0.0,0.0,Edgecombe,0.0,0.0,0.0,Edgecombe,0.0,0.0,0.0,Edgecombe,0.0,0.0,0.0,Edgecombe,0.0,0.0,0.0,Edgecombe,0.0,0.0,0.0,Edgecombe,0.0,0.0,0.0,Edgecombe,0.0,0.0,0.0
Washington,0.0,0.0,0.0,Washington,0.0,0.0,0.0,Washington,0.0,0.0,0.0,Washington,0.003543035294117647,0.005153882352941177,0.007086070588235294,Washington,0.0,0.0,0.0,Washington,0.0,0.0,0.0,Washington,0.0,0.0,0.0,Washington,0.0,0.0,0.0,Washington,0.0,0.0,0.0,Washington,0.0,0.0,0.0,Washington,0.0,0.0,0.0,Washington,0.003543035294117647,0.005153882352941177,0.007086070588235294,Washington,0.0,0.0,0.0,Washington,0.0,0.0,0.0,Washington,0.0,0.0,0.0,Washington,0.0,0.0,0.0,Washington,0.0,0.0,0.0,Washington,0.0,0.0,0.0,Washington,0.0,0.0,0.0,Washington,0.003543035294117647,0.005153882352941177,0.007086070588235294,Washington,0.007086070588235294,0.010307764705882351,0.014172141176470587
Nash,0.0,0.0,0.0,Nash,0.0,0.0,0.0,Nash,0.0,0.0,0.0,Nash,0.0,0.0,0.0,Nash,0.0,0.0,0.0,Nash,0.0,0.0,0.0,Nash,0.0,0.0,0.0,Nash,0.0,0.0,0.0,Nash,0.0,0.0,0.0,Nash,0.0,0.0,0.0,Nash,0.0,0.0,0.0,Nash,0.0,0.0,0.0,Nash,0.0,0.0,0.0,Nash,0.0,0.0,0.0,Nash,0.0,0.0,0.0,Nash,0.0,0.0,0.0,Nash,0.0,0.0,0.0,Nash,0.0,0.0,0.0,Nash,0.0,0.0,0.0,Nash,0.0,0.0,0.0,Nash,0.0,0.0,0.0
Madison,0.021614210526315788,0.021615789473684213,0.043228421052631576,Madison,0.004322842105263158,0.004323157894736843,0.008645684210526316,Madison,0.008645684210526316,0.008646315789473686,0.01729136842105263,Madison,0.004322842105263158,0.004323157894736843,0.008645684210526316,Madison,0.0,0.0,0.0,Madison,0.006484263157894736,0.0064847368421052645,0.012968526315789472,Madison,0.004322842105263158,0.004323157894736843,0.008645684210526316,Madison,0.0,0.0,0.0,Madison,0.008645684210526316,0.008646315789473686,0.01729136842105263,Madison,0.008645684210526316,0.008646315789473686,0.01729136842105263,Madison,0.006484263157894736,0.0064847368421052645,0.012968526315789472,Madison,0.0,0.0,0.0,Madison,0.0,0.0,0.0,Madison,0.0,0.0,0.0,Madison,0.006484263157894736,0.0064847368421052645,0.012968526315789472,Madison,0.006484263157894736,0.0064847368421052645,0.012968526315789472,Madison,0.004322842105263158,0.004323157894736843,0.008645684210526316,Madison,0.004322842105263158,0.004323157894736843,0.008645684210526316,Madison,0.004322842105263158,0.004323157894736843,0.008645684210526316,Madison,0.004322842105263158,0.004323157894736843,0.008645684210526316,Madison,0.006484263157894736,0.0064847368421052645,0.012968526315789472
Yancey,11.943852631578945,9.222736842105267,23.88770526315789,Yancey,0.38425263157894735,0.28821052631578953,0.7685052631578947,Yancey,0.38425263157894735,0.28821052631578953,0.7685052631578947,Yancey,0.38425263157894735,0.28821052631578953,0.7685052631578947,Yancey,1.1527578947368422,0.8646315789473683,2.3055157894736844,Yancey,1.1527578947368422,0.8646315789473683,2.3055157894736844,Yancey,0.007685052631578947,0.005764210526315789,0.01537010526315789,Yancey,0.007685052631578947,0.005764210526315789,0.01537010526315789,Yancey,0.38425263157894735,0.28821052631578953,0.7685052631578947,Yancey,8.858624210526315,6.657663157894738,17.71724842105263,Yancey,0.38425263157894735,0.28821052631578953,0.7685052631578947,Yancey,2.6939311578947365,2.023237894736842,5.387862315789473,Yancey,1.1527578947368422,0.8646315789473683,2.3055157894736844,Yancey,0.38425263157894735,0.28821052631578953,0.7685052631578947,Yancey,0.38425263157894735,0.28821052631578953,0.7685052631578947,Yancey,0.01921263157894737,0.014410526315789474,0.03842526315789473,Yancey,0.01921263157894737,0.014410526315789474,0.03842526315789473,Yancey,1.1527578947368422,0.8646315789473683,2.3055157894736844,Yancey,2.6939311578947365,2.023237894736842,5.387862315789473,Yancey,0.38425263157894735,0.28821052631578953,0.7685052631578947,Yancey,1.1527578947368422,0.8646315789473683,2.3055157894736844
Davie,0.0,0.0,0.0,Davie,0.0,0.0,0.0,Davie,0.0,0.0,0.0,Davie,0.0,0.0,0.0,Davie,0.0,0.0,0.0,Davie,0.0,0.0,0.0,Davie,0.0,0.0,0.0,Davie,0.0,0.0,0.0,Davie,0.0,0.0,0.0,Davie,0.0,0.0,0.0,Davie,0.0,0.0,0.0,Davie,0.0,0.0,0.0,Davie,0.0,0.0,0.0,Davie,0.0,0.0,0.0,Davie,0.0,0.0,0.0,Davie,0.0,0.0,0.0,Davie,0.0,0.0,0.0,Davie,0.0,0.0,0.0,Davie,0.0,0.0,0.0,Davie,0.0,0.0,0.0,Davie,0.0,0.0,0.0
Caldwell,0.018011842105263156,0.032856,0.03602368421052631,Caldwell,1.2007894736842106,2.1904000000000003,2.4015789473684213,Caldwell,0.060039473684210524,0.10952,0.12007894736842105,Caldwell,0.02401578947368421,0.043808,0.04803157894736842,Caldwell,0.060039473684210524,0.10952,0.12007894736842105,Caldwell,0.018011842105263156,0.032856,0.03602368421052631,Caldwell,0.060039473684210524,0.10952,0.12007894736842105,Caldwell,0.060039473684210524,0.10952,0.12007894736842105,Caldwell,0.0,0.0,0.0,Caldwell,12.027407565789476,21.969712,24.054815131578952,Caldwell,0.018011842105263156,0.032856,0.03602368421052631,Caldwell,1.2007894736842106,2.1904000000000003,2.4015789473684213,Caldwell,3.602368421052633,6.571199999999998,7.204736842105265,Caldwell,0.018011842105263156,0.032856,0.03602368421052631,Caldwell,0.060039473684210524,0.10952,0.12007894736842105,Caldwell,8.418534868421053,15.376608,16.837069736842107,Caldwell,0.018011842105263156,0.032856,0.03602368421052631,Caldwell,0.02401578947368421,0.043808,0.04803157894736842,Caldwell,49.532565789473686,96.3776,99.06513157894736,Caldwell,0.018011842105263156,0.032856,0.03602368421052631,Caldwell,1.2007894736842106,2.1904000000000003,2.4015789473684213
Alexander,0.0,0.0,0.0,Alexander,0.0,0.0,0.0,Alexander,0.0,0.0,0.0,Alexander,0.0,0.0,0.0,Alexander,0.0,0.0,0.0,Alexander,0.0,0.0,0.0,Alexander,0.0,0.0,0.0,Alexander,0.0,0.0,0.0,Alexander,0.0,0.0,0.0,Alexander,0.0,0.0,0.0,Alexander,0.0,0.0,0.0,Alexander,0.0,0.0,0.0,Alexander,0.0,0.0,0.0,Alexander,0.0,0.0,0.0,Alexander,0.0,0.0,0.0,Alexander,0.0,0.0,0.0,Alexander,0.0,0.0,0.0,Alexander,0.0,0.0,0.0,Alexander,0.0,0.0,0.0,Alexander,0.0,0.0,0.0,Alexander,0.0,0.0,0.0
Bertie,0.0,0.0,0.0,Bertie,0.0,0.0,0.0,Bertie,0.0,0.0,0.0,Bertie,0.0,0.0,0.0,Bertie,0.0,0.0,0.0,Bertie,0.0,0.0,0.0,Bertie,0.0,0.0,0.0,Bertie,0.0,0.0,0.0,Bertie,0.0,0.0,0.0,Bertie,0.0,0.0,0.0,Bertie,0.0,0.0,0.0,Bertie,0.0,0.0,0.0,Bertie,0.0,0.0,0.0,Bertie,0.0,0.0,0.0,Bertie,0.0,0.0,0.0,Bertie,0.0,0.0,0.0,Bertie,0.0,0.0,0.0,Bertie,0.0,0.0,0.0,Bertie,0.0,0.0,0.0,Bertie,0.0,0.0,0.0,Bertie,0.0,0.0,0.0
Mitchell,0.0,0.0,0.0,Mitchell,0.003459529411764705,0.003579084967320262,0.006919058823529411,Mitchell,0.0,0.0,0.0,Mitchell,0.0,0.0,0.0,Mitchell,0.005189294117647058,0.005368627450980394,0.010378588235294115,Mitchell,0.0,0.0,0.0,Mitchell,0.017297647058823532,0.01789542483660131,0.034595294117647064,Mitchell,0.0,0.0,0.0,Mitchell,0.005189294117647058,0.005368627450980394,0.010378588235294115,Mitchell,0.006919058823529411,0.007158169934640524,0.013838117647058822,Mitchell,0.003459529411764705,0.003579084967320262,0.006919058823529411,Mitchell,0.0,0.0,0.0,Mitchell,0.003459529411764705,0.003579084967320262,0.006919058823529411,Mitchell,0.0,0.0,0.0,Mitchell,0.005189294117647058,0.005368627450980394,0.010378588235294115,Mitchell,0.017297647058823532,0.01789542483660131,0.034595294117647064,Mitchell,0.0,0.0,0.0,Mitchell,0.017297647058823532,0.01789542483660131,0.034595294117647064,Mitchell,0.005189294117647058,0.005368627450980394,0.010378588235294115,Mitchell,0.003459529411764705,0.003579084967320262,0.006919058823529411,Mitchell,0.005189294117647058,0.005368627450980394,0.010378588235294115
Guilford,0.0,0.0,0.0,Guilford,0.0,0.0,0.0,Guilford,0.0,0.0,0.0,Guilford,0.0,0.0,0.0,Guilford,0.0,0.0,0.0,Guilford,0.0,0.0,0.0,Guilford,0.0,0.0,0.0,Guilford,0.0,0.0,0.0,Guilford,0.0,0.0,0.0,Guilford,0.0,0.0,0.0,Guilford,0.0,0.0,0.0,Guilford,0.0,0.0,0.0,Guilford,0.0,0.0,0.0,Guilford,0.0,0.0,0.0,Guilford,0.0,0.0,0.0,Guilford,0.0,0.0,0.0,Guilford,0.0,0.0,0.0,Guilford,0.0,0.0,0.0,Guilford,0.0,0.0,0.0,Guilford,0.0,0.0,0.0,Guilford,0.0,0.0,0.0
Avery,0.038025,0.024017543859649118,0.07604999999999999,Avery,0.7605,0.4803508771929826,1.521,Avery,0.0114075,0.007205263157894737,0.022815,Avery,0.007604999999999998,0.004803508771929825,0.015209999999999996,Avery,0.015209999999999996,0.00960701754385965,0.03042,Avery,0.007604999999999998,0.004803508771929825,0.015209999999999996,Avery,0.007604999999999998,0.004803508771929825,0.015209999999999996,Avery,0.0114075,0.007205263157894737,0.022815,Avery,0.015209999999999996,0.00960701754385965,0.03042,Avery,17.532693749999996,11.096105263157897,35.06538749999999,Avery,0.015209999999999996,0.00960701754385965,0.03042,Avery,5.33173875,3.3720631578947367,10.663477499999999,Avery,0.038025,0.024017543859649118,0.07604999999999999,Avery,0.0114075,0.007205263157894737,0.022815,Avery,0.015209999999999996,0.00960701754385965,0.03042,Avery,0.038025,0.024017543859649118,0.07604999999999999,Avery,0.0114075,0.007205263157894737,0.022815,Avery,5.33173875,3.3720631578947367,10.663477499999999,Avery,17.532693749999996,11.096105263157897,35.06538749999999,Avery,0.0114075,0.007205263157894737,0.022815,Avery,0.7605,0.4803508771929826,1.521
Forsyth,0.0,0.0,0.0,Forsyth,0.0,0.0,0.0,Forsyth,0.0,0.0,0.0,Forsyth,0.0,0.0,0.0,Forsyth,0.0,0.0,0.0,Forsyth,0.0,0.0,0.0,Forsyth,0.0,0.0,0.0,Forsyth,0.0,0.0,0.0,Forsyth,0.0,0.0,0.0,Forsyth,0.0,0.0,0.0,Forsyth,0.0,0.0,0.0,Forsyth,0.0,0.0,0.0,Forsyth,0.0,0.0,0.0,Forsyth,0.0,0.0,0.0,Forsyth,0.0,0.0,0.0,Forsyth,0.0,0.0,0.0,Forsyth,0.0,0.0,0.0,Forsyth,0.0,0.0,0.0,Forsyth,0.0,0.0,0.0,Forsyth,0.0,0.0,0.0,Forsyth,0.0,0.0,0.0
Chowan,0.0,0.0,0.0,Chowan,0.0,0.0,0.0,Chowan,0.0,0.0,0.0,Chowan,0.003209142857142857,0.007221098901098902,0.006418285714285714,Chowan,0.0,0.0,0.0,Chowan,0.0,0.0,0.0,Chowan,0.0,0.0,0.0,Chowan,0.0,0.0,0.0,Chowan,0.0,0.0,0.0,Chowan,0.0,0.0,0.0,Chowan,0.0,0.0,0.0,Chowan,0.004813714285714286,0.010831648351648352,0.009627428571428572,Chowan,0.0,0.0,0.0,Chowan,0.0,0.0,0.0,Chowan,0.0,0.0,0.0,Chowan,0.0,0.0,0.0,Chowan,0.0,0.0,0.0,Chowan,0.0,0.0,0.0,Chowan,0.0,0.0,0.0,Chowan,0.0,0.0,0.0,Chowan,3.2143577142857143,7.242762197802197,6.4287154285714285
Halifax,0.0,0.0,0.0,Halifax,0.0,0.0,0.0,Halifax,0.0,0.0,0.0,Halifax,0.0,0.0,0.0,Halifax,0.0,0.0,0.0,Halifax,0.0,0.0,0.0,Halifax,0.0,0.0,0.0,Halifax,0.0,0.0,0.0,Halifax,0.0,0.0,0.0,Halifax,0.0,0.0,0.0,Halifax,0.0,0.0,0.0,Halifax,0.0,0.0,0.0,Halifax,0.0,0.0,0.0,Halifax,0.0,0.0,0.0,Halifax,0.0,0.0,0.0,Halifax,0.0,0.0,0.0,Halifax,0.0,0.0,0.0,Halifax,0.0,0.0,0.0,Halifax,0.0,0.0,0.0,Halifax,0.0,0.0,0.0,Halifax,0.0,0.0,0.0
Granville,0.0,0.0,0.0,Granville,0.0,0.0,0.0,Granville,0.0,0.0,0.0,Granville,0.0,0.0,0.0,Granville,0.0,0.0,0.0,Granville,0.0,0.0,0.0,Granville,0.0,0.0,0.0,Granville,0.0,0.0,0.0,Granville,0.0,0.0,0.0,Granville,0.0,0.0,0.0,Granville,0.0,0.0,0.0,Granville,0.0,0.0,0.0,Granville,0.0,0.0,0.0,Granville,0.0,0.0,0.0,Granville,0.0,0.0,0.0,Granville,0.0,0.0,0.0,Granville,0.0,0.0,0.0,Granville,0.0,0.0,0.0,Granville,0.0,0.0,0.0,Granville,0.0,0.0,0.0,Granville,0.0,0.0,0.0
Perquimans,0.0,0.0,0.0,Perquimans,0.0,0.0,0.0,Perquimans,0.0,0.0,0.0,Perquimans,0.005590702702702702,0.001973333333333333,0.011181405405405404,Perquimans,0.0,0.0,0.0,Perquimans,0.0,0.0,0.0,Perquimans,0.0,0.0,0.0,Perquimans,0.0,0.0,0.0,Perquimans,0.0,0.0,0.0,Perquimans,0.0,0.0,0.0,Perquimans,0.0,0.0,0.0,Perquimans,0.003727135135135135,0.0013155555555555555,0.007454270270270269,Perquimans,0.0,0.0,0.0,Perquimans,0.0,0.0,0.0,Perquimans,0.0,0.0,0.0,Perquimans,0.0,0.0,0.0,Perquimans,0.0,0.0,0.0,Perquimans,0.0,0.0,0.0,Perquimans,0.0,0.0,0.0,Perquimans,0.003727135135135135,0.0013155555555555555,0.007454270270270269,Perquimans,2.6130323243243243,0.9235200000000001,5.226064648648649
Yadkin,0.0,0.0,0.0,Yadkin,0.0,0.0,0.0,Yadkin,0.0,0.0,0.0,Yadkin,0.0,0.0,0.0,Yadkin,0.0,0.0,0.0,Yadkin,0.0,0.0,0.0,Yadkin,0.0,0.0,0.0,Yadkin,0.0,0.0,0.0,Yadkin,0.0,0.0,0.0,Yadkin,0.0,0.0,0.0,Yadkin,0.0,0.0,0.0,Yadkin,0.0,0.0,0.0,Yadkin,0.0,0.0,0.0,Yadkin,0.0,0.0,0.0,Yadkin,0.0,0.0,0.0,Yadkin,0.0,0.0,0.0,Yadkin,0.0,0.0,0.0,Yadkin,0.0,0.0,0.0,Yadkin,0.0,0.0,0.0,Yadkin,0.0,0.0,0.0,Yadkin,0.0,0.0,0.0
Currituck,0.0,0.0,0.0,Currituck,0.0,0.0,0.0,Currituck,0.0,0.0,0.0,Currituck,0.0,0.0,0.0,Currituck,0.0,0.0,0.0,Currituck,0.008148214285714285,0.014486772486772484,0.01629642857142857,Currituck,0.0,0.0,0.0,Currituck,0.0,0.0,0.0,Currituck,0.0,0.0,0.0,Currituck,0.0,0.0,0.0,Currituck,0.0,0.0,0.0,Currituck,0.0,0.0,0.0,Currituck,0.003259285714285714,0.005794708994708996,0.006518571428571428,Currituck,0.002444464285714285,0.004346031746031746,0.004888928571428571,Currituck,0.001629642857142857,0.002897354497354497,0.003259285714285714,Currituck,0.0,0.0,0.0,Currituck,0.0,0.0,0.0,Currituck,0.0,0.0,0.0,Currituck,0.0,0.0,0.0,Currituck,1.1425154464285712,2.033942857142857,2.2850308928571423,Currituck,3.757005803571428,6.692888888888889,7.514011607142856
Pasquotank,0.0,0.0,0.0,Pasquotank,0.0,0.0,0.0,Pasquotank,0.0,0.0,0.0,Pasquotank,0.0,0.0,0.0,Pasquotank,0.0,0.0,0.0,Pasquotank,0.0,0.0,0.0,Pasquotank,0.0,0.0,0.0,Pasquotank,0.0,0.0,0.0,Pasquotank,0.0,0.0,0.0,Pasquotank,0.0,0.0,0.0,Pasquotank,0.0,0.0,0.0,Pasquotank,0.0,0.0,0.0,Pasquotank,0.0,0.0,0.0,Pasquotank,0.0,0.0,0.0,Pasquotank,0.0,0.0,0.0,Pasquotank,0.0,0.0,0.0,Pasquotank,0.0,0.0,0.0,Pasquotank,0.0,0.0,0.0,Pasquotank,0.0,0.0,0.0,Pasquotank,0.006634148936170212,0.010680141843971631,0.013268297872340424,Pasquotank,0.9951223404255322,1.602021276595745,1.9902446808510643
Watauga,7.792240344827584,8.46108290535583,15.584480689655168,Watauga,7.792240344827584,8.46108290535583,15.584480689655168,Watauga,3.3343712399119583,3.6158473954512096,6.6687424798239165,Watauga,3.3343712399119583,3.6158473954512096,6.6687424798239165,Watauga,1.111457079970653,1.2052824651504035,2.2229141599413054,Watauga,1.111457079970653,1.2052824651504035,2.2229141599413054,Watauga,0.05557285399853263,0.060264123257520175,0.11114570799706526,Watauga,3.3343712399119583,3.6158473954512096,6.6687424798239165,Watauga,0.016671856199559788,0.018079236977256045,0.033343712399119575,Watauga,16.69593776962582,18.127448275862076,33.39187553925164,Watauga,1.111457079970653,1.2052824651504035,2.2229141599413054,Watauga,11.132631977256052,12.088983125458546,22.265263954512104,Watauga,11.132631977256052,12.088983125458546,22.265263954512104,Watauga,0.022229141599413055,0.02410564930300807,0.04445828319882611,Watauga,7.792240344827584,8.46108290535583,15.584480689655168,Watauga,7.792240344827584,8.46108290535583,15.584480689655168,Watauga,0.016671856199559788,0.018079236977256045,0.033343712399119575,Watauga,0.05557285399853263,0.060264123257520175,0.11114570799706526,Watauga,57.240039618488616,68.701100513573,114.48007923697723,Watauga,1.111457079970653,1.2052824651504035,2.2229141599413054,Watauga,7.792240344827584,8.46108290535583,15.584480689655168
Vance,0.0,0.0,0.0,Vance,0.0,0.0,0.0,Vance,0.0,0.0,0.0,Vance,0.0,0.0,0.0,Vance,0.0,0.0,0.0,Vance,0.0,0.0,0.0,Vance,0.0,0.0,0.0,Vance,0.0,0.0,0.0,Vance,0.0,0.0,0.0,Vance,0.0,0.0,0.0,Vance,0.0,0.0,0.0,Vance,0.0,0.0,0.0,Vance,0.0,0.0,0.0,Vance,0.0,0.0,0.0,Vance,0.0,0.0,0.0,Vance,0.0,0.0,0.0,Vance,0.0,0.0,0.0,Vance,0.0,0.0,0.0,Vance,0.0,0.0,0.0,Vance,0.0,0.0,0.0,Vance,0.0,0.0,0.0
Northampton,0.0,0.0,0.0,Northampton,0.0,0.0,0.0,Northampton,0.0,0.0,0.0,Northampton,0.0,0.0,0.0,Northampton,0.0,0.0,0.0,Northampton,0.0,0.0,0.0,Northampton,0.0,0.0,0.0,Northampton,0.0,0.0,0.0,Northampton,0.0,0.0,0.0,Northampton,0.0,0.0,0.0,Northampton,0.0,0.0,0.0,Northampton,0.0,0.0,0.0,Northampton,0.0,0.0,0.0,Northampton,0.0,0.0,0.0,Northampton,0.0,0.0,0.0,Northampton,0.0,0.0,0.0,Northampton,0.0,0.0,0.0,Northampton,0.0,0.0,0.0,Northampton,0.0,0.0,0.0,Northampton,0.0,0.0,0.0,Northampton,0.0,0.0,0.0
Warren,0.0,0.0,0.0,Warren,0.0,0.0,0.0,Warren,0.0,0.0,0.0,Warren,0.0,0.0,0.0,Warren,0.0,0.0,0.0,Warren,0.0,0.0,0.0,Warren,0.0,0.0,0.0,Warren,0.0,0.0,0.0,Warren,0.0,0.0,0.0,Warren,0.0,0.0,0.0,Warren,0.0,0.0,0.0,Warren,0.0,0.0,0.0,Warren,0.0,0.0,0.0,Warren,0.0,0.0,0.0,Warren,0.0,0.0,0.0,Warren,0.0,0.0,0.0,Warren,0.0,0.0,0.0,Warren,0.0,0.0,0.0,Warren,0.0,0.0,0.0,Warren,0.0,0.0,0.0,Warren,0.0,0.0,0.0
Person,0.0,0.0,0.0,Person,0.0,0.0,0.0,Person,0.0,0.0,0.0,Person,0.0,0.0,0.0,Person,0.0,0.0,0.0,Person,0.0,0.0,0.0,Person,0.0,0.0,0.0,Person,0.0,0.0,0.0,Person,0.0,0.0,0.0,Person,0.0,0.0,0.0,Person,0.0,0.0,0.0,Person,0.0,0.0,0.0,Person,0.0,0.0,0.0,Person,0.0,0.0,0.0,Person,0.0,0.0,0.0,Person,0.0,0.0,0.0,Person,0.0,0.0,0.0,Person,0.0,0.0,0.0,Person,0.0,0.0,0.0,Person,0.0,0.0,0.0,Person,0.0,0.0,0.0
Caswell,0.0,0.0,0.0,Caswell,0.0,0.0,0.0,Caswell,0.0,0.0,0.0,Caswell,0.0,0.0,0.0,Caswell,0.0,0.0,0.0,Caswell,0.0,0.0,0.0,Caswell,0.0,0.0,0.0,Caswell,0.0,0.0,0.0,Caswell,0.0,0.0,0.0,Caswell,0.0,0.0,0.0,Caswell,0.0,0.0,0.0,Caswell,0.0,0.0,0.0,Caswell,0.0,0.0,0.0,Caswell,0.0,0.0,0.0,Caswell,0.0,0.0,0.0,Caswell,0.0,0.0,0.0,Caswell,0.0,0.0,0.0,Caswell,0.0,0.0,0.0,Caswell,0.0,0.0,0.0,Caswell,0.0,0.0,0.0,Caswell,0.0,0.0,0.0
Rockingham,0.0,0.0,0.0,Rockingham,0.0,0.0,0.0,Rockingham,0.0,0.0,0.0,Rockingham,0.0,0.0,0.0,Rockingham,0.0,0.0,0.0,Rockingham,0.0,0.0,0.0,Rockingham,0.0,0.0,0.0,Rockingham,0.0,0.0,0.0,Rockingham,0.0,0.0,0.0,Rockingham,0.0,0.0,0.0,Rockingham,0.0,0.0,0.0,Rockingham,0.0,0.0,0.0,Rockingham,0.0,0.0,0.0,Rockingham,0.0,0.0,0.0,Rockingham,0.0,0.0,0.0,Rockingham,0.0,0.0,0.0,Rockingham,0.0,0.0,0.0,Rockingham,0.0,0.0,0.0,Rockingham,0.0,0.0,0.0,Rockingham,0.0,0.0,0.0,Rockingham,0.0,0.0,0.0
Surry,0.0,0.0,0.0,Surry,0.0,0.0,0.0,Surry,0.0,0.0,0.0,Surry,0.0,0.0,0.0,Surry,0.0,0.0,0.0,Surry,0.0,0.0,0.0,Surry,0.0,0.0,0.0,Surry,0.0,0.0,0.0,Surry,0.0,0.0,0.0,Surry,0.0,0.0,0.0,Surry,0.0,0.0,0.0,Surry,0.0,0.0,0.0,Surry,0.0,0.0,0.0,Surry,0.0,0.0,0.0,Surry,0.0,0.0,0.0,Surry,0.0,0.0,0.0,Surry,0.0,0.0,0.0,Surry,0.0,0.0,0.0,Surry,0.0,0.0,0.0,Surry,0.0,0.0,0.0,Surry,0.0,0.0,0.0
Hertford,0.0,0.0,0.0,Hertford,0.0,0.0,0.0,Hertford,0.0,0.0,0.0,Hertford,0.0,0.0,0.0,Hertford,0.0,0.0,0.0,Hertford,0.0,0.0,0.0,Hertford,0.0,0.0,0.0,Hertford,0.0,0.0,0.0,Hertford,0.0,0.0,0.0,Hertford,0.0,0.0,0.0,Hertford,0.0,0.0,0.0,Hertford,0.0,0.0,0.0,Hertford,0.0,0.0,0.0,Hertford,0.0,0.0,0.0,Hertford,0.0,0.0,0.0,Hertford,0.0,0.0,0.0,Hertford,0.0,0.0,0.0,Hertford,0.0,0.0,0.0,Hertford,0.0,0.0,0.0,Hertford,0.0,0.0,0.0,Hertford,0.0,0.0,0.0
Stokes,0.0,0.0,0.0,Stokes,0.0,0.0,0.0,Stokes,0.0,0.0,0.0,Stokes,0.0,0.0,0.0,Stokes,0.0,0.0,0.0,Stokes,0.0,0.0,0.0,Stokes,0.0,0.0,0.0,Stokes,0.0,0.0,0.0,Stokes,0.0,0.0,0.0,Stokes,0.0,0.0,0.0,Stokes,0.0,0.0,0.0,Stokes,0.0,0.0,0.0,Stokes,0.0,0.0,0.0,Stokes,0.0,0.0,0.0,Stokes,0.0,0.0,0.0,Stokes,0.0,0.0,0.0,Stokes,0.0,0.0,0.0,Stokes,0.0,0.0,0.0,Stokes,0.0,0.0,0.0,Stokes,0.0,0.0,0.0,Stokes,0.0,0.0,0.0
Ashe,0.0,0.0,0.0,Ashe,0.0,0.0,0.0,Ashe,0.0,0.0,0.0,Ashe,0.0,0.0,0.0,Ashe,0.0,0.0,0.0,Ashe,0.0,0.0,0.0,Ashe,0.0,0.0,0.0,Ashe,0.0,0.0,0.0,Ashe,0.0,0.0,0.0,Ashe,0.016769344537815128,0.0024542296918767512,0.033538689075630256,Ashe,0.0,0.0,0.0,Ashe,0.0,0.0,0.0,Ashe,0.0,0.0,0.0,Ashe,0.0,0.0,0.0,Ashe,0.0,0.0,0.0,Ashe,0.0,0.0,0.0,Ashe,0.0,0.0,0.0,Ashe,0.0,0.0,0.0,Ashe,0.012577008403361343,0.0018406722689075633,0.02515401680672269,Ashe,0.0,0.0,0.0,Ashe,0.0,0.0,0.0
Alleghany,0.01947841897233201,0.0064932806324110685,0.03895683794466403,Alleghany,6.8279974505928855,2.2791415019762846,13.655994901185773,Alleghany,0.0,0.0,0.0,Alleghany,0.009739209486166007,0.0032466403162055343,0.01947841897233201,Alleghany,0.014608814229249013,0.0048699604743083005,0.029217628458498027,Alleghany,0.009739209486166007,0.0032466403162055343,0.01947841897233201,Alleghany,0.01947841897233201,0.0064932806324110685,0.03895683794466403,Alleghany,0.04869604743083004,0.016233201581027673,0.09739209486166008,Alleghany,0.0,0.0,0.0,Alleghany,22.452935869565216,7.499739130434784,44.90587173913043,Alleghany,0.01947841897233201,0.0064932806324110685,0.03895683794466403,Alleghany,0.01947841897233201,0.0064932806324110685,0.03895683794466403,Alleghany,0.014608814229249013,0.0048699604743083005,0.029217628458498027,Alleghany,0.04869604743083004,0.016233201581027673,0.09739209486166008,Alleghany,0.014608814229249013,0.0048699604743083005,0.029217628458498027,Alleghany,0.009739209486166007,0.0032466403162055343,0.01947841897233201,Alleghany,0.01947841897233201,0.0064932806324110685,0.03895683794466403,Alleghany,0.009739209486166007,0.0032466403162055343,0.01947841897233201,Alleghany,0.04869604743083004,0.016233201581027673,0.09739209486166008,Alleghany,0.009739209486166007,0.0032466403162055343,0.01947841897233201,Alleghany,0.01947841897233201,0.0064932806324110685,0.03895683794466403
